Audio,Owner,Ps. Initials,Ps. Age,Ps. Gender,Ps. Microphone
../Dataset/Kick/Kick1.wav,VM,MTP,31,Female,laptop
../Dataset/Snare/Snare1.wav,VM,MTP,31,Female,laptop
../Dataset/Snare/Snare2.wav,VM,MTP,31,Female,laptop
../Dataset/HH/HH1.wav,VM,MTP,31,Female,laptop
../Dataset/Kick/Kick2.wav,VM,MTP,31,Female,laptop
../Dataset/Snare/Snare3.wav,VM,MTP,31,Female,laptop
../Dataset/Snare/Snare4.wav,VM,MTP,31,Female,laptop
../Dataset/HH/HH2.wav,VM,MTP,31,Female,laptop
../Dataset/Snare/Snare5.wav,VM,MTP,31,Female,laptop
../Dataset/Snare/Snare6.wav,VM,MTP,31,Female,laptop
../Dataset/Snare/Snare7.wav,VM,MTP,31,Female,laptop
../Dataset/Snare/Snare8.wav,VM,MTP,31,Female,laptop
../Dataset/Snare/Snare9.wav,VM,MTP,31,Female,laptop
../Dataset/HH/HH3.wav,VM,MTP,31,Female,laptop
../Dataset/HH/HH4.wav,VM,MTP,31,Female,laptop
../Dataset/HH/HH5.wav,VM,MTP,31,Female,laptop
../Dataset/HH/HH6.wav,VM,MTP,31,Female,laptop
../Dataset/HH/HH7.wav,VM,MTP,31,Female,laptop
../Dataset/Kick/Kick3.wav,VM,MTP,31,Female,laptop
../Dataset/Kick/Kick4.wav,VM,MTP,31,Female,laptop
../Dataset/Kick/Kick5.wav,VM,MTP,31,Female,laptop
../Dataset/Kick/Kick6.wav,VM,MTP,31,Female,laptop
../Dataset/Kick/Kick7.wav,VM,MTP,31,Female,laptop
../Dataset/Kick/Kick8.wav,AFR,MAF,*,*,AKG
../Dataset/HH/HH8.wav,AFR,MAF,*,*,AKG
../Dataset/Kick/Kick9.wav,AFR,MAF,*,*,AKG
../Dataset/HH/HH9.wav,AFR,MAF,*,*,AKG
../Dataset/Snare/Snare10.wav,AFR,MAF,*,*,AKG
../Dataset/Kick/Kick10.wav,AFR,MAF,*,*,AKG
../Dataset/HH/HH10.wav,AFR,MAF,*,*,AKG
../Dataset/Kick/Kick11.wav,AFR,MAF,*,*,AKG
../Dataset/HH/HH11.wav,AFR,MAF,*,*,AKG
../Dataset/Snare/Snare11.wav,AFR,MAF,*,*,AKG
../Dataset/Kick/Kick12.wav,AFR,MAF,*,*,AKG
../Dataset/HH/HH12.wav,AFR,MAF,*,*,AKG
../Dataset/Kick/Kick13.wav,AFR,MAF,*,*,AKG
../Dataset/HH/HH13.wav,AFR,MAF,*,*,AKG
../Dataset/Snare/Snare12.wav,AFR,MAF,*,*,AKG
../Dataset/Kick/Kick14.wav,AFR,MAF,*,*,AKG
../Dataset/HH/HH14.wav,AFR,MAF,*,*,AKG
../Dataset/Kick/Kick15.wav,AFR,MAF,*,*,AKG
../Dataset/HH/HH15.wav,AFR,MAF,*,*,AKG
../Dataset/Snare/Snare13.wav,AFR,MAF,*,*,AKG
../Dataset/Kick/Kick16.wav,AFR,MAF,*,*,AKG
../Dataset/HH/HH16.wav,AFR,MAF,*,*,AKG
../Dataset/Kick/Kick17.wav,AFR,MAF,*,*,AKG
../Dataset/HH/HH17.wav,AFR,MAF,*,*,AKG
../Dataset/Snare/Snare14.wav,AFR,MAF,*,*,AKG
../Dataset/Snare/Snare15.wav,AFR,MAF,*,*,AKG
../Dataset/Snare/Snare16.wav,AFR,MAF,*,*,AKG
../Dataset/Snare/Snare17.wav,AFR,MAF,*,*,AKG
../Dataset/Snare/Snare18.wav,AFR,MAF,*,*,AKG
../Dataset/Snare/Snare19.wav,AFR,MAF,*,*,AKG
../Dataset/Kick/Kick18.wav,AFR,MAF,*,*,AKG
../Dataset/HH/HH18.wav,AFR,MAF,*,*,AKG
../Dataset/Kick/Kick19.wav,AFR,MAF,*,*,AKG
../Dataset/HH/HH19.wav,AFR,MAF,*,*,AKG
../Dataset/Snare/Snare20.wav,AFR,MAF,*,*,AKG
../Dataset/Snare/Snare21.wav,AFR,MAF,*,*,AKG
../Dataset/Kick/Kick20.wav,AFR,MAF,*,*,AKG
../Dataset/HH/HH20.wav,AFR,MAF,*,*,AKG
../Dataset/Kick/Kick21.wav,AFR,MAF,*,*,AKG
../Dataset/HH/HH21.wav,AFR,MAF,*,*,AKG
../Dataset/Snare/Snare22.wav,AFR,MAF,*,*,AKG
../Dataset/Snare/Snare23.wav,AFR,MAF,*,*,AKG
../Dataset/Kick/Kick22.wav,AFR,AZI,*,*,AKG
../Dataset/Kick/Kick23.wav,AFR,AZI,*,*,AKG
../Dataset/Kick/Kick24.wav,AFR,AZI,*,*,AKG
../Dataset/Kick/Kick25.wav,AFR,AZI,*,*,AKG
../Dataset/Kick/Kick26.wav,AFR,AZI,*,*,AKG
../Dataset/HH/HH22.wav,AFR,AZI,*,*,AKG
../Dataset/Kick/Kick27.wav,AFR,AZI,*,*,AKG
../Dataset/HH/HH23.wav,AFR,AZI,*,*,AKG
../Dataset/Snare/Snare24.wav,AFR,AZI,*,*,AKG
../Dataset/Snare/Snare25.wav,AFR,AZI,*,*,AKG
../Dataset/Snare/Snare26.wav,AFR,AZI,*,*,AKG
../Dataset/Snare/Snare27.wav,AFR,AZI,*,*,AKG
../Dataset/Snare/Snare28.wav,AFR,AZI,*,*,AKG
../Dataset/Snare/Snare29.wav,AFR,AZI,*,*,AKG
../Dataset/Kick/Kick28.wav,AFR,AZI,*,*,AKG
../Dataset/HH/HH24.wav,AFR,AZI,*,*,AKG
../Dataset/Kick/Kick29.wav,AFR,AZI,*,*,AKG
../Dataset/HH/HH25.wav,AFR,AZI,*,*,AKG
../Dataset/Snare/Snare30.wav,AFR,AZI,*,*,AKG
../Dataset/Kick/Kick30.wav,AFR,AZI,*,*,AKG
../Dataset/HH/HH26.wav,AFR,AZI,*,*,AKG
../Dataset/Kick/Kick31.wav,AFR,AZI,*,*,AKG
../Dataset/HH/HH27.wav,AFR,AZI,*,*,AKG
../Dataset/Snare/Snare31.wav,AFR,AZI,*,*,AKG
../Dataset/Kick/Kick32.wav,AFR,AZI,*,*,AKG
../Dataset/HH/HH28.wav,AFR,AZI,*,*,AKG
../Dataset/Kick/Kick33.wav,AFR,AZI,*,*,AKG
../Dataset/HH/HH29.wav,AFR,AZI,*,*,AKG
../Dataset/Snare/Snare32.wav,AFR,AZI,*,*,AKG
../Dataset/Kick/Kick34.wav,AFR,AZI,*,*,AKG
../Dataset/HH/HH30.wav,AFR,AZI,*,*,AKG
../Dataset/Kick/Kick35.wav,AFR,AZI,*,*,AKG
../Dataset/HH/HH31.wav,AFR,AZI,*,*,AKG
../Dataset/Snare/Snare33.wav,AFR,AZI,*,*,AKG
../Dataset/Kick/Kick36.wav,AFR,AZI,*,*,AKG
../Dataset/HH/HH32.wav,AFR,AZI,*,*,AKG
../Dataset/Kick/Kick37.wav,AFR,AZI,*,*,AKG
../Dataset/HH/HH33.wav,AFR,AZI,*,*,AKG
../Dataset/Snare/Snare34.wav,AFR,AZI,*,*,AKG
../Dataset/Kick/Kick38.wav,VM,LML,38,Male,Elgato
../Dataset/Kick/Kick39.wav,VM,LML,38,Male,Elgato
../Dataset/Kick/Kick40.wav,VM,LML,38,Male,Elgato
../Dataset/Kick/Kick41.wav,VM,LML,38,Male,Elgato
../Dataset/Kick/Kick42.wav,VM,LML,38,Male,Elgato
../Dataset/Kick/Kick43.wav,VM,LML,38,Male,Elgato
../Dataset/Kick/Kick44.wav,VM,LML,38,Male,Elgato
../Dataset/Kick/Kick45.wav,VM,LML,38,Male,Elgato
../Dataset/HH/HH34.wav,VM,LML,38,Male,Elgato
../Dataset/Kick/Kick46.wav,VM,LML,38,Male,Elgato
../Dataset/Snare/Snare35.wav,VM,LML,38,Male,Elgato
../Dataset/HH/HH35.wav,VM,LML,38,Male,Elgato
../Dataset/Kick/Kick47.wav,VM,LML,38,Male,Elgato
../Dataset/HH/HH36.wav,VM,LML,38,Male,Elgato
../Dataset/Kick/Kick48.wav,VM,LML,38,Male,Elgato
../Dataset/Snare/Snare36.wav,VM,LML,38,Male,Elgato
../Dataset/HH/HH37.wav,VM,LML,38,Male,Elgato
../Dataset/Kick/Kick49.wav,VM,LML,38,Male,Elgato
../Dataset/HH/HH38.wav,VM,LML,38,Male,Elgato
../Dataset/Kick/Kick50.wav,VM,LML,38,Male,Elgato
../Dataset/Snare/Snare37.wav,VM,LML,38,Male,Elgato
../Dataset/HH/HH39.wav,VM,LML,38,Male,Elgato
../Dataset/Kick/Kick51.wav,VM,LML,38,Male,Elgato
../Dataset/HH/HH40.wav,VM,LML,38,Male,Elgato
../Dataset/Kick/Kick52.wav,VM,LML,38,Male,Elgato
../Dataset/Snare/Snare38.wav,VM,LML,38,Male,Elgato
../Dataset/HH/HH41.wav,VM,LML,38,Male,Elgato
../Dataset/HH/HH42.wav,VM,LML,38,Male,Elgato
../Dataset/HH/HH43.wav,VM,LML,38,Male,Elgato
../Dataset/HH/HH44.wav,VM,LML,38,Male,Elgato
../Dataset/HH/HH45.wav,VM,LML,38,Male,Elgato
../Dataset/HH/HH46.wav,VM,LML,38,Male,Elgato
../Dataset/HH/HH47.wav,VM,LML,38,Male,Elgato
../Dataset/HH/HH48.wav,VM,LML,38,Male,Elgato
../Dataset/Snare/Snare39.wav,VM,LML,38,Male,Elgato
../Dataset/Snare/Snare40.wav,VM,LML,38,Male,Elgato
../Dataset/Snare/Snare41.wav,VM,LML,38,Male,Elgato
../Dataset/Snare/Snare42.wav,VM,LML,38,Male,Elgato
../Dataset/Snare/Snare43.wav,VM,LML,38,Male,Elgato
../Dataset/Kick/Kick53.wav,VM,JVS,38,Male,Rig
../Dataset/Snare/Snare44.wav,VM,JVS,38,Male,Rig
../Dataset/HH/HH49.wav,VM,JVS,38,Male,Rig
../Dataset/Kick/Kick54.wav,VM,JVS,38,Male,Rig
../Dataset/Kick/Kick55.wav,VM,JVS,38,Male,Rig
../Dataset/HH/HH50.wav,VM,JVS,38,Male,Rig
../Dataset/Kick/Kick56.wav,VM,JVS,38,Male,Rig
../Dataset/Kick/Kick57.wav,VM,JVS,38,Male,Rig
../Dataset/HH/HH51.wav,VM,JVS,38,Male,Rig
../Dataset/Kick/Kick58.wav,VM,JVS,38,Male,Rig
../Dataset/Kick/Kick59.wav,VM,JVS,38,Male,Rig
../Dataset/HH/HH52.wav,VM,JVS,38,Male,Rig
../Dataset/Kick/Kick60.wav,VM,JVS,38,Male,Rig
../Dataset/HH/HH53.wav,VM,JVS,38,Male,Rig
../Dataset/Kick/Kick61.wav,AFR,BIC,*,*,AKG
../Dataset/HH/HH54.wav,AFR,BIC,*,*,AKG
../Dataset/Snare/Snare45.wav,AFR,BIC,*,*,AKG
../Dataset/HH/HH55.wav,AFR,BIC,*,*,AKG
../Dataset/Kick/Kick62.wav,AFR,BIC,*,*,AKG
../Dataset/Kick/Kick63.wav,AFR,BIC,*,*,AKG
../Dataset/Snare/Snare46.wav,AFR,BIC,*,*,AKG
../Dataset/HH/HH56.wav,AFR,BIC,*,*,AKG
../Dataset/Kick/Kick64.wav,AFR,BIC,*,*,AKG
../Dataset/HH/HH57.wav,AFR,BIC,*,*,AKG
../Dataset/Snare/Snare47.wav,AFR,BIC,*,*,AKG
../Dataset/HH/HH58.wav,AFR,BIC,*,*,AKG
../Dataset/Kick/Kick65.wav,AFR,BIC,*,*,AKG
../Dataset/HH/HH59.wav,AFR,BIC,*,*,AKG
../Dataset/Snare/Snare48.wav,AFR,BIC,*,*,AKG
../Dataset/HH/HH60.wav,AFR,BIC,*,*,AKG
../Dataset/Kick/Kick66.wav,AFR,BIC,*,*,AKG
../Dataset/HH/HH61.wav,AFR,BIC,*,*,AKG
../Dataset/Snare/Snare49.wav,AFR,BIC,*,*,AKG
../Dataset/HH/HH62.wav,AFR,BIC,*,*,AKG
../Dataset/Kick/Kick67.wav,AFR,BIC,*,*,AKG
../Dataset/Kick/Kick68.wav,AFR,BIC,*,*,AKG
../Dataset/Kick/Kick69.wav,AFR,BIC,*,*,AKG
../Dataset/HH/HH63.wav,AFR,BIC,*,*,AKG
../Dataset/Kick/Kick70.wav,AFR,BIC,*,*,AKG
../Dataset/HH/HH64.wav,AFR,BIC,*,*,AKG
../Dataset/Snare/Snare50.wav,AFR,BIC,*,*,AKG
../Dataset/Kick/Kick71.wav,AFR,BIC,*,*,AKG
../Dataset/HH/HH65.wav,AFR,BIC,*,*,AKG
../Dataset/Kick/Kick72.wav,AFR,BIC,*,*,AKG
../Dataset/HH/HH66.wav,AFR,BIC,*,*,AKG
../Dataset/Snare/Snare51.wav,AFR,BIC,*,*,AKG
../Dataset/Kick/Kick73.wav,AFR,BIC,*,*,AKG
../Dataset/HH/HH67.wav,AFR,BIC,*,*,AKG
../Dataset/Kick/Kick74.wav,AFR,BIC,*,*,AKG
../Dataset/HH/HH68.wav,AFR,BIC,*,*,AKG
../Dataset/Snare/Snare52.wav,AFR,BIC,*,*,AKG
../Dataset/Kick/Kick75.wav,AFR,BIC,*,*,AKG
../Dataset/HH/HH69.wav,AFR,BIC,*,*,AKG
../Dataset/Kick/Kick76.wav,AFR,BIC,*,*,AKG
../Dataset/HH/HH70.wav,AFR,BIC,*,*,AKG
../Dataset/Snare/Snare53.wav,AFR,BIC,*,*,AKG
../Dataset/Kick/Kick77.wav,VM,MOB,22,Male,SHURE
../Dataset/Kick/Kick78.wav,VM,MOB,22,Male,SHURE
../Dataset/Kick/Kick79.wav,VM,MOB,22,Male,SHURE
../Dataset/Kick/Kick80.wav,VM,MOB,22,Male,SHURE
../Dataset/Kick/Kick81.wav,VM,MOB,22,Male,SHURE
../Dataset/Kick/Kick82.wav,VM,MOB,22,Male,SHURE
../Dataset/HH/HH71.wav,VM,MOB,22,Male,SHURE
../Dataset/Snare/Snare54.wav,VM,MOB,22,Male,SHURE
../Dataset/HH/HH72.wav,VM,MOB,22,Male,SHURE
../Dataset/Kick/Kick83.wav,VM,MOB,22,Male,SHURE
../Dataset/HH/HH73.wav,VM,MOB,22,Male,SHURE
../Dataset/Snare/Snare55.wav,VM,MOB,22,Male,SHURE
../Dataset/HH/HH74.wav,VM,MOB,22,Male,SHURE
../Dataset/Kick/Kick84.wav,VM,MOB,22,Male,SHURE
../Dataset/HH/HH75.wav,VM,MOB,22,Male,SHURE
../Dataset/Snare/Snare56.wav,VM,MOB,22,Male,SHURE
../Dataset/HH/HH76.wav,VM,MOB,22,Male,SHURE
../Dataset/Kick/Kick85.wav,VM,MOB,22,Male,SHURE
../Dataset/Kick/Kick86.wav,VM,MOB,22,Male,SHURE
../Dataset/HH/HH77.wav,VM,MOB,22,Male,SHURE
../Dataset/Snare/Snare57.wav,VM,MOB,22,Male,SHURE
../Dataset/Snare/Snare58.wav,VM,MOB,22,Male,SHURE
../Dataset/Snare/Snare59.wav,VM,MOB,22,Male,SHURE
../Dataset/Snare/Snare60.wav,VM,MOB,22,Male,SHURE
../Dataset/Snare/Snare61.wav,VM,MOB,22,Male,SHURE
../Dataset/HH/HH78.wav,VM,MOB,22,Male,SHURE
../Dataset/HH/HH79.wav,VM,MOB,22,Male,SHURE
../Dataset/HH/HH80.wav,VM,MOB,22,Male,SHURE
../Dataset/HH/HH81.wav,VM,MOB,22,Male,SHURE
../Dataset/HH/HH82.wav,VM,MOB,22,Male,SHURE
../Dataset/Kick/Kick87.wav,AFR,CAT,*,*,AKG
../Dataset/HH/HH83.wav,AFR,CAT,*,*,AKG
../Dataset/Kick/Kick88.wav,AFR,CAT,*,*,AKG
../Dataset/HH/HH84.wav,AFR,CAT,*,*,AKG
../Dataset/Snare/Snare62.wav,AFR,CAT,*,*,AKG
../Dataset/Kick/Kick89.wav,AFR,CAT,*,*,AKG
../Dataset/HH/HH85.wav,AFR,CAT,*,*,AKG
../Dataset/Kick/Kick90.wav,AFR,CAT,*,*,AKG
../Dataset/HH/HH86.wav,AFR,CAT,*,*,AKG
../Dataset/Snare/Snare63.wav,AFR,CAT,*,*,AKG
../Dataset/Kick/Kick91.wav,AFR,CAT,*,*,AKG
../Dataset/HH/HH87.wav,AFR,CAT,*,*,AKG
../Dataset/Kick/Kick92.wav,AFR,CAT,*,*,AKG
../Dataset/HH/HH88.wav,AFR,CAT,*,*,AKG
../Dataset/Snare/Snare64.wav,AFR,CAT,*,*,AKG
../Dataset/Kick/Kick93.wav,AFR,CAT,*,*,AKG
../Dataset/HH/HH89.wav,AFR,CAT,*,*,AKG
../Dataset/Kick/Kick94.wav,AFR,CAT,*,*,AKG
../Dataset/HH/HH90.wav,AFR,CAT,*,*,AKG
../Dataset/Snare/Snare65.wav,AFR,CAT,*,*,AKG
../Dataset/Kick/Kick95.wav,AFR,CAT,*,*,AKG
../Dataset/Kick/Kick96.wav,AFR,CAT,*,*,AKG
../Dataset/Kick/Kick97.wav,AFR,CAT,*,*,AKG
../Dataset/Kick/Kick98.wav,AFR,CAT,*,*,AKG
../Dataset/HH/HH91.wav,AFR,CAT,*,*,AKG
../Dataset/HH/HH92.wav,AFR,CAT,*,*,AKG
../Dataset/HH/HH93.wav,AFR,CAT,*,*,AKG
../Dataset/HH/HH94.wav,AFR,CAT,*,*,AKG
../Dataset/HH/HH95.wav,AFR,CAT,*,*,AKG
../Dataset/Snare/Snare66.wav,AFR,CAT,*,*,AKG
../Dataset/Snare/Snare67.wav,AFR,CAT,*,*,AKG
../Dataset/Snare/Snare68.wav,AFR,CAT,*,*,AKG
../Dataset/Snare/Snare69.wav,AFR,CAT,*,*,AKG
../Dataset/Kick/Kick99.wav,AFR,ISA,*,*,AKG
../Dataset/HH/HH96.wav,AFR,ISA,*,*,AKG
../Dataset/Kick/Kick100.wav,AFR,ISA,*,*,AKG
../Dataset/HH/HH97.wav,AFR,ISA,*,*,AKG
../Dataset/Snare/Snare70.wav,AFR,ISA,*,*,AKG
../Dataset/Kick/Kick101.wav,AFR,ISA,*,*,AKG
../Dataset/HH/HH98.wav,AFR,ISA,*,*,AKG
../Dataset/Kick/Kick102.wav,AFR,ISA,*,*,AKG
../Dataset/HH/HH99.wav,AFR,ISA,*,*,AKG
../Dataset/Snare/Snare71.wav,AFR,ISA,*,*,AKG
../Dataset/Kick/Kick103.wav,AFR,ISA,*,*,AKG
../Dataset/HH/HH100.wav,AFR,ISA,*,*,AKG
../Dataset/Snare/Snare72.wav,AFR,ISA,*,*,AKG
../Dataset/Kick/Kick104.wav,AFR,ISA,*,*,AKG
../Dataset/HH/HH101.wav,AFR,ISA,*,*,AKG
../Dataset/Snare/Snare73.wav,AFR,ISA,*,*,AKG
../Dataset/Kick/Kick105.wav,AFR,ISA,*,*,AKG
../Dataset/HH/HH102.wav,AFR,ISA,*,*,AKG
../Dataset/Kick/Kick106.wav,AFR,ISA,*,*,AKG
../Dataset/HH/HH103.wav,AFR,ISA,*,*,AKG
../Dataset/Kick/Kick107.wav,AFR,ISA,*,*,AKG
../Dataset/HH/HH104.wav,AFR,ISA,*,*,AKG
../Dataset/Snare/Snare74.wav,AFR,ISA,*,*,AKG
../Dataset/Kick/Kick108.wav,AFR,ISA,*,*,AKG
../Dataset/HH/HH105.wav,AFR,ISA,*,*,AKG
../Dataset/Kick/Kick109.wav,AFR,ISA,*,*,AKG
../Dataset/HH/HH106.wav,AFR,ISA,*,*,AKG
../Dataset/Snare/Snare75.wav,AFR,ISA,*,*,AKG
../Dataset/Kick/Kick110.wav,AFR,ISA,*,*,AKG
../Dataset/HH/HH107.wav,AFR,ISA,*,*,AKG
../Dataset/Kick/Kick111.wav,AFR,ISA,*,*,AKG
../Dataset/HH/HH108.wav,AFR,ISA,*,*,AKG
../Dataset/Snare/Snare76.wav,AFR,ISA,*,*,AKG
../Dataset/Kick/Kick112.wav,AFR,ISA,*,*,AKG
../Dataset/HH/HH109.wav,AFR,ISA,*,*,AKG
../Dataset/Kick/Kick113.wav,AFR,ISA,*,*,AKG
../Dataset/HH/HH110.wav,AFR,ISA,*,*,AKG
../Dataset/Snare/Snare77.wav,AFR,ISA,*,*,AKG
../Dataset/Kick/Kick114.wav,VM,APL,33,Male,laptop
../Dataset/Kick/Kick115.wav,VM,APL,33,Male,laptop
../Dataset/Kick/Kick116.wav,VM,APL,33,Male,laptop
../Dataset/Kick/Kick117.wav,VM,APL,33,Male,laptop
../Dataset/Kick/Kick118.wav,VM,APL,33,Male,laptop
../Dataset/Kick/Kick119.wav,VM,APL,33,Male,laptop
../Dataset/HH/HH111.wav,VM,APL,33,Male,laptop
../Dataset/Kick/Kick120.wav,VM,APL,33,Male,laptop
../Dataset/HH/HH112.wav,VM,APL,33,Male,laptop
../Dataset/Snare/Snare78.wav,VM,APL,33,Male,laptop
../Dataset/Kick/Kick121.wav,VM,APL,33,Male,laptop
../Dataset/HH/HH113.wav,VM,APL,33,Male,laptop
../Dataset/Kick/Kick122.wav,VM,APL,33,Male,laptop
../Dataset/HH/HH114.wav,VM,APL,33,Male,laptop
../Dataset/Snare/Snare79.wav,VM,APL,33,Male,laptop
../Dataset/Kick/Kick123.wav,VM,APL,33,Male,laptop
../Dataset/HH/HH115.wav,VM,APL,33,Male,laptop
../Dataset/Kick/Kick124.wav,VM,APL,33,Male,laptop
../Dataset/HH/HH116.wav,VM,APL,33,Male,laptop
../Dataset/Snare/Snare80.wav,VM,APL,33,Male,laptop
../Dataset/Kick/Kick125.wav,VM,APL,33,Male,laptop
../Dataset/HH/HH117.wav,VM,APL,33,Male,laptop
../Dataset/Kick/Kick126.wav,VM,APL,33,Male,laptop
../Dataset/HH/HH118.wav,VM,APL,33,Male,laptop
../Dataset/Snare/Snare81.wav,VM,APL,33,Male,laptop
../Dataset/Snare/Snare82.wav,VM,APL,33,Male,laptop
../Dataset/Snare/Snare83.wav,VM,APL,33,Male,laptop
../Dataset/Snare/Snare84.wav,VM,APL,33,Male,laptop
../Dataset/Snare/Snare85.wav,VM,APL,33,Male,laptop
../Dataset/Snare/Snare86.wav,VM,APL,33,Male,laptop
../Dataset/HH/HH119.wav,VM,APL,33,Male,laptop
../Dataset/HH/HH120.wav,VM,APL,33,Male,laptop
../Dataset/HH/HH121.wav,VM,APL,33,Male,laptop
../Dataset/HH/HH122.wav,VM,APL,33,Male,laptop
../Dataset/HH/HH123.wav,VM,APL,33,Male,laptop
../Dataset/HH/HH124.wav,VM,OBH,31,Male,laptop
../Dataset/HH/HH125.wav,VM,OBH,31,Male,laptop
../Dataset/HH/HH126.wav,VM,OBH,31,Male,laptop
../Dataset/HH/HH127.wav,VM,OBH,31,Male,laptop
../Dataset/HH/HH128.wav,VM,OBH,31,Male,laptop
../Dataset/Kick/Kick127.wav,VM,OBH,31,Male,laptop
../Dataset/Kick/Kick128.wav,VM,OBH,31,Male,laptop
../Dataset/Kick/Kick129.wav,VM,OBH,31,Male,laptop
../Dataset/Kick/Kick130.wav,VM,OBH,31,Male,laptop
../Dataset/HH/HH129.wav,VM,OBH,31,Male,laptop
../Dataset/Snare/Snare87.wav,VM,OBH,31,Male,laptop
../Dataset/Snare/Snare88.wav,VM,OBH,31,Male,laptop
../Dataset/Snare/Snare89.wav,VM,OBH,31,Male,laptop
../Dataset/Snare/Snare90.wav,VM,OBH,31,Male,laptop
../Dataset/Snare/Snare91.wav,VM,OBH,31,Male,laptop
../Dataset/Snare/Snare92.wav,VM,OBH,31,Male,laptop
../Dataset/Snare/Snare93.wav,VM,MSF,30,Male,Hyper-X
../Dataset/Snare/Snare94.wav,VM,MSF,30,Male,Hyper-X
../Dataset/Snare/Snare95.wav,VM,MSF,30,Male,Hyper-X
../Dataset/Snare/Snare96.wav,VM,MSF,30,Male,Hyper-X
../Dataset/Snare/Snare97.wav,VM,MSF,30,Male,Hyper-X
../Dataset/Kick/Kick131.wav,VM,MSF,30,Male,Hyper-X
../Dataset/Snare/Snare98.wav,VM,MSF,30,Male,Hyper-X
../Dataset/HH/HH130.wav,VM,MSF,30,Male,Hyper-X
../Dataset/Kick/Kick132.wav,VM,MSF,30,Male,Hyper-X
../Dataset/HH/HH131.wav,VM,MSF,30,Male,Hyper-X
../Dataset/Snare/Snare99.wav,VM,MSF,30,Male,Hyper-X
../Dataset/Kick/Kick133.wav,VM,MSF,30,Male,Hyper-X
../Dataset/Kick/Kick134.wav,VM,MSF,30,Male,Hyper-X
../Dataset/Kick/Kick135.wav,VM,MSF,30,Male,Hyper-X
../Dataset/Kick/Kick136.wav,VM,MSF,30,Male,Hyper-X
../Dataset/Kick/Kick137.wav,VM,MSF,30,Male,Hyper-X
../Dataset/HH/HH132.wav,VM,MSF,30,Male,Hyper-X
../Dataset/HH/HH133.wav,VM,MSF,30,Male,Hyper-X
../Dataset/HH/HH134.wav,VM,MSF,30,Male,Hyper-X
../Dataset/HH/HH135.wav,VM,MSF,30,Male,Hyper-X
../Dataset/HH/HH136.wav,VM,MSF,30,Male,Hyper-X
../Dataset/Kick/Kick138.wav,AFR,ZGA,*,*,AKG
../Dataset/HH/HH137.wav,AFR,ZGA,*,*,AKG
../Dataset/Kick/Kick139.wav,AFR,ZGA,*,*,AKG
../Dataset/HH/HH138.wav,AFR,ZGA,*,*,AKG
../Dataset/Snare/Snare100.wav,AFR,ZGA,*,*,AKG
../Dataset/Kick/Kick140.wav,AFR,ZGA,*,*,AKG
../Dataset/HH/HH139.wav,AFR,ZGA,*,*,AKG
../Dataset/Kick/Kick141.wav,AFR,ZGA,*,*,AKG
../Dataset/HH/HH140.wav,AFR,ZGA,*,*,AKG
../Dataset/Snare/Snare101.wav,AFR,ZGA,*,*,AKG
../Dataset/Kick/Kick142.wav,AFR,ZGA,*,*,AKG
../Dataset/HH/HH141.wav,AFR,ZGA,*,*,AKG
../Dataset/Kick/Kick143.wav,AFR,ZGA,*,*,AKG
../Dataset/HH/HH142.wav,AFR,ZGA,*,*,AKG
../Dataset/Snare/Snare102.wav,AFR,ZGA,*,*,AKG
../Dataset/Kick/Kick144.wav,AFR,ZGA,*,*,AKG
../Dataset/HH/HH143.wav,AFR,ZGA,*,*,AKG
../Dataset/Kick/Kick145.wav,AFR,ZGA,*,*,AKG
../Dataset/HH/HH144.wav,AFR,ZGA,*,*,AKG
../Dataset/Snare/Snare103.wav,AFR,ZGA,*,*,AKG
../Dataset/Kick/Kick146.wav,AFR,ZGA,*,*,AKG
../Dataset/HH/HH145.wav,AFR,ZGA,*,*,AKG
../Dataset/Kick/Kick147.wav,AFR,ZGA,*,*,AKG
../Dataset/HH/HH146.wav,AFR,ZGA,*,*,AKG
../Dataset/Kick/Kick148.wav,AFR,ZGA,*,*,AKG
../Dataset/HH/HH147.wav,AFR,ZGA,*,*,AKG
../Dataset/Kick/Kick149.wav,AFR,ZGA,*,*,AKG
../Dataset/Kick/Kick150.wav,AFR,ZGA,*,*,AKG
../Dataset/HH/HH148.wav,AFR,ZGA,*,*,AKG
../Dataset/Snare/Snare104.wav,AFR,ZGA,*,*,AKG
../Dataset/Kick/Kick151.wav,AFR,ZGA,*,*,AKG
../Dataset/HH/HH149.wav,AFR,ZGA,*,*,AKG
../Dataset/Snare/Snare105.wav,AFR,ZGA,*,*,AKG
../Dataset/Kick/Kick152.wav,AFR,ZGA,*,*,AKG
../Dataset/HH/HH150.wav,AFR,ZGA,*,*,AKG
../Dataset/Kick/Kick153.wav,AFR,ZGA,*,*,AKG
../Dataset/Kick/Kick154.wav,AFR,ZGA,*,*,AKG
../Dataset/HH/HH151.wav,AFR,ZGA,*,*,AKG
../Dataset/Kick/Kick155.wav,AFR,ZGA,*,*,AKG
../Dataset/Kick/Kick156.wav,AFR,ZGA,*,*,AKG
../Dataset/HH/HH152.wav,AFR,ZGA,*,*,AKG
../Dataset/Kick/Kick157.wav,AFR,ZGA,*,*,AKG
../Dataset/HH/HH153.wav,AFR,ZGA,*,*,AKG
../Dataset/Snare/Snare106.wav,AFR,ZGA,*,*,AKG
../Dataset/Kick/Kick158.wav,AFR,ZGA,*,*,AKG
../Dataset/HH/HH154.wav,AFR,ZGA,*,*,AKG
../Dataset/Snare/Snare107.wav,AFR,ZGA,*,*,AKG
../Dataset/Kick/Kick159.wav,AFR,ZGA,*,*,AKG
../Dataset/Kick/Kick160.wav,VM,ARF,22,Male,Headphone
../Dataset/HH/HH155.wav,VM,ARF,22,Male,Headphone
../Dataset/HH/HH156.wav,VM,ARF,22,Male,Headphone
../Dataset/HH/HH157.wav,VM,ARF,22,Male,Headphone
../Dataset/Snare/Snare108.wav,VM,ARF,22,Male,Headphone
../Dataset/HH/HH158.wav,VM,ARF,22,Male,Headphone
../Dataset/HH/HH159.wav,VM,ARF,22,Male,Headphone
../Dataset/Kick/Kick161.wav,VM,ARF,22,Male,Headphone
../Dataset/HH/HH160.wav,VM,ARF,22,Male,Headphone
../Dataset/Kick/Kick162.wav,VM,ARF,22,Male,Headphone
../Dataset/Kick/Kick163.wav,VM,ARF,22,Male,Headphone
../Dataset/HH/HH161.wav,VM,ARF,22,Male,Headphone
../Dataset/Snare/Snare109.wav,VM,ARF,22,Male,Headphone
../Dataset/HH/HH162.wav,VM,ARF,22,Male,Headphone
../Dataset/HH/HH163.wav,VM,ARF,22,Male,Headphone
../Dataset/Kick/Kick164.wav,VM,ARF,22,Male,Headphone
../Dataset/Kick/Kick165.wav,VM,ARF,22,Male,Headphone
../Dataset/HH/HH164.wav,VM,ARF,22,Male,Headphone
../Dataset/Kick/Kick166.wav,VM,ARF,22,Male,Headphone
../Dataset/HH/HH165.wav,VM,ARF,22,Male,Headphone
../Dataset/Snare/Snare110.wav,VM,ARF,22,Male,Headphone
../Dataset/HH/HH166.wav,VM,ARF,22,Male,Headphone
../Dataset/HH/HH167.wav,VM,ARF,22,Male,Headphone
../Dataset/Kick/Kick167.wav,VM,ARF,22,Male,Headphone
../Dataset/HH/HH168.wav,VM,ARF,22,Male,Headphone
../Dataset/Snare/Snare111.wav,VM,ARF,22,Male,Headphone
../Dataset/Kick/Kick168.wav,VM,ARF,22,Male,Headphone
../Dataset/Kick/Kick169.wav,VM,ARF,22,Male,Headphone
../Dataset/Kick/Kick170.wav,VM,ARF,22,Male,Headphone
../Dataset/Snare/Snare112.wav,VM,ARF,22,Male,Headphone
../Dataset/Kick/Kick171.wav,VM,ARF,22,Male,Headphone
../Dataset/HH/HH169.wav,VM,ARF,22,Male,Headphone
../Dataset/Snare/Snare113.wav,VM,ARF,22,Male,Headphone
../Dataset/Kick/Kick172.wav,VM,ARF,22,Male,Headphone
../Dataset/HH/HH170.wav,VM,ARF,22,Male,Headphone
../Dataset/HH/HH171.wav,VM,ARF,22,Male,Headphone
../Dataset/Kick/Kick173.wav,VM,ARF,22,Male,Headphone
../Dataset/Snare/Snare114.wav,VM,ARF,22,Male,Headphone
../Dataset/Kick/Kick174.wav,VM,ARF,22,Male,Headphone
../Dataset/HH/HH172.wav,VM,ARF,22,Male,Headphone
../Dataset/Snare/Snare115.wav,VM,ARF,22,Male,Headphone
../Dataset/HH/HH173.wav,VM,ARF,22,Male,Headphone
../Dataset/Snare/Snare116.wav,VM,ARF,22,Male,Headphone
../Dataset/Kick/Kick175.wav,VM,ARF,22,Male,Headphone
../Dataset/Kick/Kick176.wav,VM,ARF,22,Male,Headphone
../Dataset/Snare/Snare117.wav,VM,ARF,22,Male,Headphone
../Dataset/Kick/Kick177.wav,VM,ARF,22,Male,Headphone
../Dataset/HH/HH174.wav,VM,ARF,22,Male,Headphone
../Dataset/Snare/Snare118.wav,VM,ARF,22,Male,Headphone
../Dataset/HH/HH175.wav,VM,ARF,22,Male,Headphone
../Dataset/Snare/Snare119.wav,VM,ARF,22,Male,Headphone
../Dataset/Kick/Kick178.wav,VM,ARF,22,Male,Headphone
../Dataset/HH/HH176.wav,VM,ARF,22,Male,Headphone
../Dataset/Snare/Snare120.wav,VM,ARF,22,Male,Headphone
../Dataset/Kick/Kick179.wav,VM,ARF,22,Male,Headphone
../Dataset/HH/HH177.wav,VM,ARF,22,Male,Headphone
../Dataset/Snare/Snare121.wav,VM,ARF,22,Male,Headphone
../Dataset/HH/HH178.wav,VM,ARF,22,Male,Headphone
../Dataset/Snare/Snare122.wav,VM,ARF,22,Male,Headphone
../Dataset/Kick/Kick180.wav,VM,ARF,22,Male,Headphone
../Dataset/Kick/Kick181.wav,VM,ARF,22,Male,Headphone
../Dataset/Snare/Snare123.wav,VM,ARF,22,Male,Headphone
../Dataset/Kick/Kick182.wav,VM,ARF,22,Male,Headphone
../Dataset/HH/HH179.wav,VM,ARF,22,Male,Headphone
../Dataset/Snare/Snare124.wav,VM,ARF,22,Male,Headphone
../Dataset/HH/HH180.wav,VM,ARF,22,Male,Headphone
../Dataset/HH/HH181.wav,VM,ARF,22,Male,Headphone
../Dataset/HH/HH182.wav,VM,ARF,22,Male,Headphone
../Dataset/HH/HH183.wav,VM,ARF,22,Male,Headphone
../Dataset/HH/HH184.wav,VM,ARF,22,Male,Headphone
../Dataset/HH/HH185.wav,VM,ARF,22,Male,Headphone
../Dataset/HH/HH186.wav,VM,ARF,22,Male,Headphone
../Dataset/HH/HH187.wav,VM,ARF,22,Male,Headphone
../Dataset/HH/HH188.wav,VM,ARF,22,Male,Headphone
../Dataset/HH/HH189.wav,VM,ARF,22,Male,Headphone
../Dataset/HH/HH190.wav,VM,ARF,22,Male,Headphone
../Dataset/HH/HH191.wav,VM,ARF,22,Male,Headphone
../Dataset/HH/HH192.wav,VM,ARF,22,Male,Headphone
../Dataset/HH/HH193.wav,VM,ARF,22,Male,Headphone
../Dataset/HH/HH194.wav,VM,ARF,22,Male,Headphone
../Dataset/HH/HH195.wav,VM,ARF,22,Male,Headphone
../Dataset/HH/HH196.wav,VM,ARF,22,Male,Headphone
../Dataset/HH/HH197.wav,VM,ARF,22,Male,Headphone
../Dataset/HH/HH198.wav,VM,ARF,22,Male,Headphone
../Dataset/HH/HH199.wav,VM,ARF,22,Male,Headphone
../Dataset/Kick/Kick183.wav,VM,ARF,22,Male,Headphone
../Dataset/Kick/Kick184.wav,VM,ARF,22,Male,Headphone
../Dataset/Kick/Kick185.wav,VM,ARF,22,Male,Headphone
../Dataset/Kick/Kick186.wav,VM,ARF,22,Male,Headphone
../Dataset/Kick/Kick187.wav,VM,ARF,22,Male,Headphone
../Dataset/Kick/Kick188.wav,VM,ARF,22,Male,Headphone
../Dataset/Kick/Kick189.wav,VM,ARF,22,Male,Headphone
../Dataset/Kick/Kick190.wav,VM,ARF,22,Male,Headphone
../Dataset/Kick/Kick191.wav,VM,ARF,22,Male,Headphone
../Dataset/Kick/Kick192.wav,VM,ARF,22,Male,Headphone
../Dataset/Kick/Kick193.wav,VM,ARF,22,Male,Headphone
../Dataset/Snare/Snare125.wav,VM,ARF,22,Male,Headphone
../Dataset/Snare/Snare126.wav,VM,ARF,22,Male,Headphone
../Dataset/Snare/Snare127.wav,VM,ARF,22,Male,Headphone
../Dataset/Snare/Snare128.wav,VM,ARF,22,Male,Headphone
../Dataset/Snare/Snare129.wav,VM,ARF,22,Male,Headphone
../Dataset/Snare/Snare130.wav,VM,ARF,22,Male,Headphone
../Dataset/Snare/Snare131.wav,VM,ARF,22,Male,Headphone
../Dataset/Snare/Snare132.wav,VM,ARF,22,Male,Headphone
../Dataset/Snare/Snare133.wav,VM,ARF,22,Male,Headphone
../Dataset/Snare/Snare134.wav,VM,ARF,22,Male,Headphone
../Dataset/Snare/Snare135.wav,VM,ARF,22,Male,Headphone
../Dataset/Snare/Snare136.wav,VM,ARF,22,Male,Headphone
../Dataset/Snare/Snare137.wav,VM,ARF,22,Male,Headphone
../Dataset/Kick/Kick194.wav,VM,IGN,30,Male,AKG
../Dataset/HH/HH200.wav,VM,IGN,30,Male,AKG
../Dataset/Kick/Kick195.wav,VM,IGN,30,Male,AKG
../Dataset/HH/HH201.wav,VM,IGN,30,Male,AKG
../Dataset/Snare/Snare138.wav,VM,IGN,30,Male,AKG
../Dataset/Kick/Kick196.wav,VM,IGN,30,Male,AKG
../Dataset/Kick/Kick197.wav,VM,IGN,30,Male,AKG
../Dataset/HH/HH202.wav,VM,IGN,30,Male,AKG
../Dataset/Kick/Kick198.wav,VM,IGN,30,Male,AKG
../Dataset/HH/HH203.wav,VM,IGN,30,Male,AKG
../Dataset/Snare/Snare139.wav,VM,IGN,30,Male,AKG
../Dataset/Snare/Snare140.wav,VM,IGN,30,Male,AKG
../Dataset/Kick/Kick199.wav,VM,IGN,30,Male,AKG
../Dataset/HH/HH204.wav,VM,IGN,30,Male,AKG
../Dataset/Kick/Kick200.wav,VM,IGN,30,Male,AKG
../Dataset/HH/HH205.wav,VM,IGN,30,Male,AKG
../Dataset/Snare/Snare141.wav,VM,IGN,30,Male,AKG
../Dataset/Kick/Kick201.wav,VM,IGN,30,Male,AKG
../Dataset/Kick/Kick202.wav,VM,IGN,30,Male,AKG
../Dataset/HH/HH206.wav,VM,IGN,30,Male,AKG
../Dataset/Kick/Kick203.wav,VM,IGN,30,Male,AKG
../Dataset/HH/HH207.wav,VM,IGN,30,Male,AKG
../Dataset/Snare/Snare142.wav,VM,IGN,30,Male,AKG
../Dataset/Snare/Snare143.wav,VM,IGN,30,Male,AKG
../Dataset/Kick/Kick204.wav,VM,IGN,30,Male,AKG
../Dataset/Snare/Snare144.wav,VM,IGN,30,Male,AKG
../Dataset/HH/HH208.wav,VM,IGN,30,Male,AKG
../Dataset/Kick/Kick205.wav,VM,JMP,36,Male,elgato
../Dataset/Kick/Kick206.wav,VM,JMP,36,Male,elgato
../Dataset/HH/HH209.wav,VM,JMP,36,Male,elgato
../Dataset/Snare/Snare145.wav,VM,JMP,36,Male,elgato
../Dataset/HH/HH210.wav,VM,JMP,36,Male,elgato
../Dataset/Kick/Kick207.wav,VM,JMP,36,Male,elgato
../Dataset/HH/HH211.wav,VM,JMP,36,Male,elgato
../Dataset/Kick/Kick208.wav,VM,JMP,36,Male,elgato
../Dataset/HH/HH212.wav,VM,JMP,36,Male,elgato
../Dataset/Kick/Kick209.wav,VM,JMP,36,Male,elgato
../Dataset/HH/HH213.wav,VM,JMP,36,Male,elgato
../Dataset/Snare/Snare146.wav,VM,JMP,36,Male,elgato
../Dataset/HH/HH214.wav,VM,JMP,36,Male,elgato
../Dataset/Kick/Kick210.wav,VM,JMP,36,Male,elgato
../Dataset/HH/HH215.wav,VM,JMP,36,Male,elgato
../Dataset/HH/HH216.wav,VM,JMP,36,Male,elgato
../Dataset/Snare/Snare147.wav,VM,JMP,36,Male,elgato
../Dataset/Kick/Kick211.wav,VM,JMP,36,Male,elgato
../Dataset/Kick/Kick212.wav,VM,JMP,36,Male,elgato
../Dataset/Snare/Snare148.wav,VM,JMP,36,Male,elgato
../Dataset/HH/HH217.wav,VM,JMP,36,Male,elgato
../Dataset/Kick/Kick213.wav,VM,JMP,36,Male,elgato
../Dataset/Kick/Kick214.wav,VM,JMP,36,Male,elgato
../Dataset/Kick/Kick215.wav,VM,JMP,36,Male,elgato
../Dataset/Snare/Snare149.wav,VM,JMP,36,Male,elgato
../Dataset/HH/HH218.wav,VM,JMP,36,Male,elgato
../Dataset/Kick/Kick216.wav,VM,JMP,36,Male,elgato
../Dataset/Kick/Kick217.wav,VM,JMP,36,Male,elgato
../Dataset/Snare/Snare150.wav,VM,JMP,36,Male,elgato
../Dataset/Kick/Kick218.wav,VM,JMP,36,Male,elgato
../Dataset/Kick/Kick219.wav,VM,JMP,36,Male,elgato
../Dataset/Kick/Kick220.wav,VM,JMP,36,Male,elgato
../Dataset/Snare/Snare151.wav,VM,JMP,36,Male,elgato
../Dataset/HH/HH219.wav,VM,JMP,36,Male,elgato
../Dataset/Kick/Kick221.wav,VM,JMP,36,Male,elgato
../Dataset/HH/HH220.wav,VM,JMP,36,Male,elgato
../Dataset/Snare/Snare152.wav,VM,JMP,36,Male,elgato
../Dataset/HH/HH221.wav,VM,JMP,36,Male,elgato
../Dataset/Kick/Kick222.wav,VM,JMP,36,Male,elgato
../Dataset/Kick/Kick223.wav,VM,JMP,36,Male,elgato
../Dataset/Kick/Kick224.wav,VM,JMP,36,Male,elgato
../Dataset/Snare/Snare153.wav,VM,JMP,36,Male,elgato
../Dataset/HH/HH222.wav,VM,JMP,36,Male,elgato
../Dataset/Kick/Kick225.wav,VM,JMP,36,Male,elgato
../Dataset/Kick/Kick226.wav,VM,JMP,36,Male,elgato
../Dataset/Snare/Snare154.wav,VM,JMP,36,Male,elgato
../Dataset/HH/HH223.wav,VM,JMP,36,Male,elgato
../Dataset/Kick/Kick227.wav,VM,JMP,36,Male,elgato
../Dataset/Kick/Kick228.wav,VM,JMP,36,Male,elgato
../Dataset/Kick/Kick229.wav,VM,JMP,36,Male,elgato
../Dataset/Snare/Snare155.wav,VM,JMP,36,Male,elgato
../Dataset/Snare/Snare156.wav,VM,JMP,36,Male,elgato
../Dataset/HH/HH224.wav,VM,JMP,36,Male,elgato
../Dataset/Snare/Snare157.wav,AFR,ZIZ,*,*,AKG
../Dataset/Kick/Kick230.wav,AFR,ZIZ,*,*,AKG
../Dataset/HH/HH225.wav,AFR,ZIZ,*,*,AKG
../Dataset/Snare/Snare158.wav,AFR,ZIZ,*,*,AKG
../Dataset/HH/HH226.wav,AFR,ZIZ,*,*,AKG
../Dataset/Snare/Snare159.wav,AFR,ZIZ,*,*,AKG
../Dataset/Snare/Snare160.wav,AFR,ZIZ,*,*,AKG
../Dataset/Kick/Kick231.wav,AFR,ZIZ,*,*,AKG
../Dataset/HH/HH227.wav,AFR,ZIZ,*,*,AKG
../Dataset/Kick/Kick232.wav,AFR,ZIZ,*,*,AKG
../Dataset/HH/HH228.wav,AFR,ZIZ,*,*,AKG
../Dataset/Kick/Kick233.wav,AFR,ZIZ,*,*,AKG
../Dataset/HH/HH229.wav,AFR,ZIZ,*,*,AKG
../Dataset/Kick/Kick234.wav,AFR,ZIZ,*,*,AKG
../Dataset/HH/HH230.wav,AFR,ZIZ,*,*,AKG
../Dataset/Snare/Snare161.wav,AFR,ZIZ,*,*,AKG
../Dataset/Kick/Kick235.wav,AFR,ZIZ,*,*,AKG
../Dataset/HH/HH231.wav,AFR,ZIZ,*,*,AKG
../Dataset/Kick/Kick236.wav,AFR,ZIZ,*,*,AKG
../Dataset/HH/HH232.wav,AFR,ZIZ,*,*,AKG
../Dataset/Snare/Snare162.wav,AFR,ZIZ,*,*,AKG
../Dataset/Kick/Kick237.wav,AFR,ZIZ,*,*,AKG
../Dataset/HH/HH233.wav,AFR,ZIZ,*,*,AKG
../Dataset/Kick/Kick238.wav,AFR,ZIZ,*,*,AKG
../Dataset/HH/HH234.wav,AFR,ZIZ,*,*,AKG
../Dataset/Snare/Snare163.wav,AFR,ZIZ,*,*,AKG
../Dataset/Kick/Kick239.wav,AFR,ZIZ,*,*,AKG
../Dataset/HH/HH235.wav,AFR,ZIZ,*,*,AKG
../Dataset/Kick/Kick240.wav,AFR,ZIZ,*,*,AKG
../Dataset/HH/HH236.wav,AFR,ZIZ,*,*,AKG
../Dataset/Snare/Snare164.wav,AFR,ZIZ,*,*,AKG
../Dataset/Kick/Kick241.wav,AFR,AFR,*,*,AKG
../Dataset/HH/HH237.wav,AFR,AFR,*,*,AKG
../Dataset/HH/HH238.wav,AFR,AFR,*,*,AKG
../Dataset/HH/HH239.wav,AFR,AFR,*,*,AKG
../Dataset/Snare/Snare165.wav,AFR,AFR,*,*,AKG
../Dataset/HH/HH240.wav,AFR,AFR,*,*,AKG
../Dataset/HH/HH241.wav,AFR,AFR,*,*,AKG
../Dataset/HH/HH242.wav,AFR,AFR,*,*,AKG
../Dataset/Kick/Kick242.wav,AFR,AFR,*,*,AKG
../Dataset/HH/HH243.wav,AFR,AFR,*,*,AKG
../Dataset/HH/HH244.wav,AFR,AFR,*,*,AKG
../Dataset/HH/HH245.wav,AFR,AFR,*,*,AKG
../Dataset/Snare/Snare166.wav,AFR,AFR,*,*,AKG
../Dataset/HH/HH246.wav,AFR,AFR,*,*,AKG
../Dataset/HH/HH247.wav,AFR,AFR,*,*,AKG
../Dataset/HH/HH248.wav,AFR,AFR,*,*,AKG
../Dataset/Kick/Kick243.wav,AFR,AFR,*,*,AKG
../Dataset/HH/HH249.wav,AFR,AFR,*,*,AKG
../Dataset/HH/HH250.wav,AFR,AFR,*,*,AKG
../Dataset/HH/HH251.wav,AFR,AFR,*,*,AKG
../Dataset/Snare/Snare167.wav,AFR,AFR,*,*,AKG
../Dataset/HH/HH252.wav,AFR,AFR,*,*,AKG
../Dataset/HH/HH253.wav,AFR,AFR,*,*,AKG
../Dataset/HH/HH254.wav,AFR,AFR,*,*,AKG
../Dataset/Kick/Kick244.wav,AFR,AFR,*,*,AKG
../Dataset/HH/HH255.wav,AFR,AFR,*,*,AKG
../Dataset/HH/HH256.wav,AFR,AFR,*,*,AKG
../Dataset/HH/HH257.wav,AFR,AFR,*,*,AKG
../Dataset/Snare/Snare168.wav,AFR,AFR,*,*,AKG
../Dataset/HH/HH258.wav,AFR,AFR,*,*,AKG
../Dataset/HH/HH259.wav,AFR,AFR,*,*,AKG
../Dataset/HH/HH260.wav,AFR,AFR,*,*,AKG
../Dataset/Kick/Kick245.wav,AFR,AFR,*,*,AKG
../Dataset/HH/HH261.wav,AFR,AFR,*,*,AKG
../Dataset/Kick/Kick246.wav,AFR,AFR,*,*,AKG
../Dataset/HH/HH262.wav,AFR,AFR,*,*,AKG
../Dataset/Snare/Snare169.wav,AFR,AFR,*,*,AKG
../Dataset/Kick/Kick247.wav,AFR,AFR,*,*,AKG
../Dataset/HH/HH263.wav,AFR,AFR,*,*,AKG
../Dataset/Kick/Kick248.wav,AFR,AFR,*,*,AKG
../Dataset/HH/HH264.wav,AFR,AFR,*,*,AKG
../Dataset/Snare/Snare170.wav,AFR,AFR,*,*,AKG
../Dataset/Kick/Kick249.wav,AFR,AFR,*,*,AKG
../Dataset/HH/HH265.wav,AFR,AFR,*,*,AKG
../Dataset/Kick/Kick250.wav,AFR,AFR,*,*,AKG
../Dataset/HH/HH266.wav,AFR,AFR,*,*,AKG
../Dataset/Snare/Snare171.wav,AFR,AFR,*,*,AKG
../Dataset/Kick/Kick251.wav,AFR,AFR,*,*,AKG
../Dataset/HH/HH267.wav,AFR,AFR,*,*,AKG
../Dataset/Kick/Kick252.wav,AFR,AFR,*,*,AKG
../Dataset/HH/HH268.wav,AFR,AFR,*,*,AKG
../Dataset/Snare/Snare172.wav,AFR,AFR,*,*,AKG
../Dataset/Kick/Kick253.wav,AFR,RIC,*,*,AKG
../Dataset/HH/HH269.wav,AFR,RIC,*,*,AKG
../Dataset/HH/HH270.wav,AFR,RIC,*,*,AKG
../Dataset/Kick/Kick254.wav,AFR,RIC,*,*,AKG
../Dataset/HH/HH271.wav,AFR,RIC,*,*,AKG
../Dataset/Kick/Kick255.wav,AFR,RIC,*,*,AKG
../Dataset/HH/HH272.wav,AFR,RIC,*,*,AKG
../Dataset/Kick/Kick256.wav,AFR,RIC,*,*,AKG
../Dataset/HH/HH273.wav,AFR,RIC,*,*,AKG
../Dataset/HH/HH274.wav,AFR,RIC,*,*,AKG
../Dataset/Kick/Kick257.wav,AFR,RIC,*,*,AKG
../Dataset/HH/HH275.wav,AFR,RIC,*,*,AKG
../Dataset/Kick/Kick258.wav,AFR,RIC,*,*,AKG
../Dataset/HH/HH276.wav,AFR,RIC,*,*,AKG
../Dataset/Kick/Kick259.wav,AFR,RIC,*,*,AKG
../Dataset/HH/HH277.wav,AFR,RIC,*,*,AKG
../Dataset/HH/HH278.wav,AFR,RIC,*,*,AKG
../Dataset/Kick/Kick260.wav,AFR,RIC,*,*,AKG
../Dataset/HH/HH279.wav,AFR,RIC,*,*,AKG
../Dataset/Kick/Kick261.wav,AFR,RIC,*,*,AKG
../Dataset/HH/HH280.wav,AFR,RIC,*,*,AKG
../Dataset/Kick/Kick262.wav,AFR,RIC,*,*,AKG
../Dataset/HH/HH281.wav,AFR,RIC,*,*,AKG
../Dataset/HH/HH282.wav,AFR,RIC,*,*,AKG
../Dataset/Kick/Kick263.wav,AFR,RIC,*,*,AKG
../Dataset/HH/HH283.wav,AFR,RIC,*,*,AKG
../Dataset/Kick/Kick264.wav,AFR,RIC,*,*,AKG
../Dataset/HH/HH284.wav,AFR,RIC,*,*,AKG
../Dataset/Kick/Kick265.wav,AFR,RIC,*,*,AKG
../Dataset/HH/HH285.wav,AFR,RIC,*,*,AKG
../Dataset/Kick/Kick266.wav,AFR,RIC,*,*,AKG
../Dataset/HH/HH286.wav,AFR,RIC,*,*,AKG
../Dataset/Snare/Snare173.wav,AFR,RIC,*,*,AKG
../Dataset/Kick/Kick267.wav,AFR,RIC,*,*,AKG
../Dataset/HH/HH287.wav,AFR,RIC,*,*,AKG
../Dataset/Kick/Kick268.wav,AFR,RIC,*,*,AKG
../Dataset/HH/HH288.wav,AFR,RIC,*,*,AKG
../Dataset/Snare/Snare174.wav,AFR,RIC,*,*,AKG
../Dataset/Kick/Kick269.wav,AFR,RIC,*,*,AKG
../Dataset/HH/HH289.wav,AFR,RIC,*,*,AKG
../Dataset/Kick/Kick270.wav,AFR,RIC,*,*,AKG
../Dataset/HH/HH290.wav,AFR,RIC,*,*,AKG
../Dataset/Snare/Snare175.wav,AFR,RIC,*,*,AKG
../Dataset/Kick/Kick271.wav,AFR,RIC,*,*,AKG
../Dataset/HH/HH291.wav,AFR,RIC,*,*,AKG
../Dataset/Kick/Kick272.wav,AFR,RIC,*,*,AKG
../Dataset/HH/HH292.wav,AFR,RIC,*,*,AKG
../Dataset/Snare/Snare176.wav,AFR,RIC,*,*,AKG
../Dataset/Kick/Kick273.wav,VM,JMP,36,Male,elgato
../Dataset/Kick/Kick274.wav,VM,JMP,36,Male,elgato
../Dataset/Kick/Kick275.wav,VM,JMP,36,Male,elgato
../Dataset/Snare/Snare177.wav,VM,JMP,36,Male,elgato
../Dataset/HH/HH293.wav,VM,JMP,36,Male,elgato
../Dataset/Kick/Kick276.wav,VM,JMP,36,Male,elgato
../Dataset/HH/HH294.wav,VM,JMP,36,Male,elgato
../Dataset/Snare/Snare178.wav,VM,JMP,36,Male,elgato
../Dataset/HH/HH295.wav,VM,JMP,36,Male,elgato
../Dataset/Kick/Kick277.wav,VM,JMP,36,Male,elgato
../Dataset/Kick/Kick278.wav,VM,JMP,36,Male,elgato
../Dataset/Snare/Snare179.wav,VM,JMP,36,Male,elgato
../Dataset/HH/HH296.wav,VM,JMP,36,Male,elgato
../Dataset/Kick/Kick279.wav,VM,JMP,36,Male,elgato
../Dataset/HH/HH297.wav,VM,JMP,36,Male,elgato
../Dataset/Snare/Snare180.wav,VM,JMP,36,Male,elgato
../Dataset/Snare/Snare181.wav,VM,JMP,36,Male,elgato
../Dataset/HH/HH298.wav,VM,JMP,36,Male,elgato
../Dataset/Kick/Kick280.wav,VM,ACS,19,Female,laptop
../Dataset/Kick/Kick281.wav,VM,ACS,19,Female,laptop
../Dataset/Kick/Kick282.wav,VM,ACS,19,Female,laptop
../Dataset/Kick/Kick283.wav,VM,ACS,19,Female,laptop
../Dataset/HH/HH299.wav,VM,ACS,19,Female,laptop
../Dataset/HH/HH300.wav,VM,ACS,19,Female,laptop
../Dataset/HH/HH301.wav,VM,ACS,19,Female,laptop
../Dataset/HH/HH302.wav,VM,ACS,19,Female,laptop
../Dataset/HH/HH303.wav,VM,ACS,19,Female,laptop
../Dataset/Kick/Kick284.wav,VM,ACS,19,Female,laptop
../Dataset/HH/HH304.wav,VM,ACS,19,Female,laptop
../Dataset/Kick/Kick285.wav,VM,ACS,19,Female,laptop
../Dataset/HH/HH305.wav,VM,ACS,19,Female,laptop
../Dataset/Kick/Kick286.wav,VM,ACS,19,Female,laptop
../Dataset/HH/HH306.wav,VM,ACS,19,Female,laptop
../Dataset/Kick/Kick287.wav,VM,ACS,19,Female,laptop
../Dataset/HH/HH307.wav,VM,ACS,19,Female,laptop
../Dataset/Kick/Kick288.wav,VM,ACS,19,Female,laptop
../Dataset/Kick/Kick289.wav,VM,ACS,19,Female,laptop
../Dataset/HH/HH308.wav,VM,ACS,19,Female,laptop
../Dataset/Snare/Snare182.wav,VM,ACS,19,Female,laptop
../Dataset/Snare/Snare183.wav,VM,ACS,19,Female,laptop
../Dataset/Snare/Snare184.wav,VM,ACS,19,Female,laptop
../Dataset/Snare/Snare185.wav,VM,ACS,19,Female,laptop
../Dataset/Snare/Snare186.wav,VM,ACS,19,Female,laptop
../Dataset/Kick/Kick290.wav,AFR,CAV,*,*,AKG
../Dataset/HH/HH309.wav,AFR,CAV,*,*,AKG
../Dataset/Kick/Kick291.wav,AFR,CAV,*,*,AKG
../Dataset/HH/HH310.wav,AFR,CAV,*,*,AKG
../Dataset/Snare/Snare187.wav,AFR,CAV,*,*,AKG
../Dataset/Kick/Kick292.wav,AFR,CAV,*,*,AKG
../Dataset/HH/HH311.wav,AFR,CAV,*,*,AKG
../Dataset/Kick/Kick293.wav,AFR,CAV,*,*,AKG
../Dataset/HH/HH312.wav,AFR,CAV,*,*,AKG
../Dataset/Snare/Snare188.wav,AFR,CAV,*,*,AKG
../Dataset/Kick/Kick294.wav,AFR,CAV,*,*,AKG
../Dataset/HH/HH313.wav,AFR,CAV,*,*,AKG
../Dataset/Kick/Kick295.wav,AFR,CAV,*,*,AKG
../Dataset/HH/HH314.wav,AFR,CAV,*,*,AKG
../Dataset/Snare/Snare189.wav,AFR,CAV,*,*,AKG
../Dataset/Kick/Kick296.wav,AFR,CAV,*,*,AKG
../Dataset/HH/HH315.wav,AFR,CAV,*,*,AKG
../Dataset/Kick/Kick297.wav,AFR,CAV,*,*,AKG
../Dataset/HH/HH316.wav,AFR,CAV,*,*,AKG
../Dataset/Snare/Snare190.wav,AFR,CAV,*,*,AKG
../Dataset/Kick/Kick298.wav,AFR,CAV,*,*,AKG
../Dataset/HH/HH317.wav,AFR,CAV,*,*,AKG
../Dataset/Kick/Kick299.wav,AFR,CAV,*,*,AKG
../Dataset/HH/HH318.wav,AFR,CAV,*,*,AKG
../Dataset/Kick/Kick300.wav,AFR,CAV,*,*,AKG
../Dataset/HH/HH319.wav,AFR,CAV,*,*,AKG
../Dataset/Kick/Kick301.wav,AFR,CAV,*,*,AKG
../Dataset/HH/HH320.wav,AFR,CAV,*,*,AKG
../Dataset/Kick/Kick302.wav,AFR,CAV,*,*,AKG
../Dataset/HH/HH321.wav,AFR,CAV,*,*,AKG
../Dataset/HH/HH322.wav,AFR,CAV,*,*,AKG
../Dataset/Kick/Kick303.wav,AFR,CAV,*,*,AKG
../Dataset/Kick/Kick304.wav,AFR,CAV,*,*,AKG
../Dataset/HH/HH323.wav,AFR,CAV,*,*,AKG
../Dataset/Kick/Kick305.wav,AFR,CAV,*,*,AKG
../Dataset/HH/HH324.wav,AFR,CAV,*,*,AKG
../Dataset/Kick/Kick306.wav,AFR,CAV,*,*,AKG
../Dataset/HH/HH325.wav,AFR,CAV,*,*,AKG
../Dataset/Kick/Kick307.wav,AFR,CAV,*,*,AKG
../Dataset/HH/HH326.wav,AFR,CAV,*,*,AKG
../Dataset/Kick/Kick308.wav,AFR,CAV,*,*,AKG
../Dataset/HH/HH327.wav,AFR,CAV,*,*,AKG
../Dataset/Kick/Kick309.wav,AFR,CAV,*,*,AKG
../Dataset/HH/HH328.wav,AFR,CAV,*,*,AKG
../Dataset/Kick/Kick310.wav,AFR,CAV,*,*,AKG
../Dataset/HH/HH329.wav,AFR,CAV,*,*,AKG
../Dataset/Kick/Kick311.wav,AFR,CAV,*,*,AKG
../Dataset/HH/HH330.wav,AFR,CAV,*,*,AKG
../Dataset/HH/HH331.wav,AFR,CAV,*,*,AKG
../Dataset/Kick/Kick312.wav,AFR,CAV,*,*,AKG
../Dataset/HH/HH332.wav,AFR,CAV,*,*,AKG
../Dataset/Kick/Kick313.wav,AFR,CAV,*,*,AKG
../Dataset/Snare/Snare191.wav,AFR,CAV,*,*,AKG
../Dataset/Kick/Kick314.wav,AFR,JSO,*,*,AKG
../Dataset/Snare/Snare192.wav,AFR,JSO,*,*,AKG
../Dataset/Kick/Kick315.wav,AFR,JSO,*,*,AKG
../Dataset/HH/HH333.wav,AFR,JSO,*,*,AKG
../Dataset/Kick/Kick316.wav,AFR,JSO,*,*,AKG
../Dataset/Snare/Snare193.wav,AFR,JSO,*,*,AKG
../Dataset/Kick/Kick317.wav,AFR,JSO,*,*,AKG
../Dataset/Snare/Snare194.wav,AFR,JSO,*,*,AKG
../Dataset/Kick/Kick318.wav,AFR,JSO,*,*,AKG
../Dataset/Snare/Snare195.wav,AFR,JSO,*,*,AKG
../Dataset/Kick/Kick319.wav,AFR,JSO,*,*,AKG
../Dataset/Kick/Kick320.wav,AFR,JSO,*,*,AKG
../Dataset/Snare/Snare196.wav,AFR,JSO,*,*,AKG
../Dataset/Kick/Kick321.wav,AFR,JSO,*,*,AKG
../Dataset/Snare/Snare197.wav,AFR,JSO,*,*,AKG
../Dataset/Kick/Kick322.wav,AFR,JSO,*,*,AKG
../Dataset/Kick/Kick323.wav,AFR,CRA,*,*,AKG
../Dataset/HH/HH334.wav,AFR,CRA,*,*,AKG
../Dataset/Kick/Kick324.wav,AFR,CRA,*,*,AKG
../Dataset/HH/HH335.wav,AFR,CRA,*,*,AKG
../Dataset/HH/HH336.wav,AFR,CRA,*,*,AKG
../Dataset/Kick/Kick325.wav,AFR,CRA,*,*,AKG
../Dataset/HH/HH337.wav,AFR,CRA,*,*,AKG
../Dataset/HH/HH338.wav,AFR,CRA,*,*,AKG
../Dataset/Kick/Kick326.wav,AFR,CRA,*,*,AKG
../Dataset/HH/HH339.wav,AFR,CRA,*,*,AKG
../Dataset/HH/HH340.wav,AFR,CRA,*,*,AKG
../Dataset/Snare/Snare198.wav,AFR,CRA,*,*,AKG
../Dataset/Snare/Snare199.wav,AFR,CRA,*,*,AKG
../Dataset/Snare/Snare200.wav,AFR,CRA,*,*,AKG
../Dataset/Kick/Kick327.wav,AFR,CRA,*,*,AKG
../Dataset/HH/HH341.wav,AFR,CRA,*,*,AKG
../Dataset/Snare/Snare201.wav,AFR,CRA,*,*,AKG
../Dataset/Kick/Kick328.wav,AFR,CRA,*,*,AKG
../Dataset/HH/HH342.wav,AFR,CRA,*,*,AKG
../Dataset/Snare/Snare202.wav,AFR,CRA,*,*,AKG
../Dataset/Kick/Kick329.wav,AFR,CRA,*,*,AKG
../Dataset/HH/HH343.wav,AFR,CRA,*,*,AKG
../Dataset/Snare/Snare203.wav,AFR,CRA,*,*,AKG
../Dataset/Kick/Kick330.wav,AFR,CRA,*,*,AKG
../Dataset/HH/HH344.wav,AFR,CRA,*,*,AKG
../Dataset/HH/HH345.wav,AFR,CRA,*,*,AKG
../Dataset/HH/HH346.wav,AFR,CRA,*,*,AKG
../Dataset/Kick/Kick331.wav,AFR,CRA,*,*,AKG
../Dataset/HH/HH347.wav,AFR,CRA,*,*,AKG
../Dataset/Kick/Kick332.wav,AFR,CRA,*,*,AKG
../Dataset/HH/HH348.wav,AFR,CRA,*,*,AKG
../Dataset/Snare/Snare204.wav,AFR,CRA,*,*,AKG
../Dataset/Kick/Kick333.wav,AFR,CRA,*,*,AKG
../Dataset/HH/HH349.wav,AFR,CRA,*,*,AKG
../Dataset/Kick/Kick334.wav,AFR,CRA,*,*,AKG
../Dataset/HH/HH350.wav,AFR,CRA,*,*,AKG
../Dataset/Snare/Snare205.wav,AFR,CRA,*,*,AKG
../Dataset/Kick/Kick335.wav,AFR,CRA,*,*,AKG
../Dataset/HH/HH351.wav,AFR,CRA,*,*,AKG
../Dataset/Kick/Kick336.wav,AFR,CRA,*,*,AKG
../Dataset/HH/HH352.wav,AFR,CRA,*,*,AKG
../Dataset/Snare/Snare206.wav,AFR,CRA,*,*,AKG
../Dataset/Kick/Kick337.wav,AFR,CRA,*,*,AKG
../Dataset/HH/HH353.wav,AFR,CRA,*,*,AKG
../Dataset/Kick/Kick338.wav,AFR,CRA,*,*,AKG
../Dataset/HH/HH354.wav,AFR,CRA,*,*,AKG
../Dataset/Snare/Snare207.wav,AFR,CRA,*,*,AKG
../Dataset/Kick/Kick339.wav,AFR,ROB,*,*,AKG
../Dataset/HH/HH355.wav,AFR,ROB,*,*,AKG
../Dataset/Kick/Kick340.wav,AFR,ROB,*,*,AKG
../Dataset/HH/HH356.wav,AFR,ROB,*,*,AKG
../Dataset/Snare/Snare208.wav,AFR,ROB,*,*,AKG
../Dataset/Kick/Kick341.wav,AFR,ROB,*,*,AKG
../Dataset/HH/HH357.wav,AFR,ROB,*,*,AKG
../Dataset/Kick/Kick342.wav,AFR,ROB,*,*,AKG
../Dataset/HH/HH358.wav,AFR,ROB,*,*,AKG
../Dataset/Snare/Snare209.wav,AFR,ROB,*,*,AKG
../Dataset/Kick/Kick343.wav,AFR,ROB,*,*,AKG
../Dataset/HH/HH359.wav,AFR,ROB,*,*,AKG
../Dataset/Kick/Kick344.wav,AFR,ROB,*,*,AKG
../Dataset/HH/HH360.wav,AFR,ROB,*,*,AKG
../Dataset/Snare/Snare210.wav,AFR,ROB,*,*,AKG
../Dataset/Kick/Kick345.wav,AFR,ROB,*,*,AKG
../Dataset/HH/HH361.wav,AFR,ROB,*,*,AKG
../Dataset/Kick/Kick346.wav,AFR,ROB,*,*,AKG
../Dataset/HH/HH362.wav,AFR,ROB,*,*,AKG
../Dataset/Snare/Snare211.wav,AFR,ROB,*,*,AKG
../Dataset/Snare/Snare212.wav,AFR,ROB,*,*,AKG
../Dataset/Snare/Snare213.wav,AFR,ROB,*,*,AKG
../Dataset/Snare/Snare214.wav,AFR,ROB,*,*,AKG
../Dataset/Snare/Snare215.wav,AFR,ROB,*,*,AKG
../Dataset/Snare/Snare216.wav,AFR,ROB,*,*,AKG
../Dataset/Snare/Snare217.wav,AFR,ROB,*,*,AKG
../Dataset/Kick/Kick347.wav,AFR,ROB,*,*,AKG
../Dataset/HH/HH363.wav,AFR,ROB,*,*,AKG
../Dataset/Kick/Kick348.wav,AFR,ROB,*,*,AKG
../Dataset/HH/HH364.wav,AFR,ROB,*,*,AKG
../Dataset/Snare/Snare218.wav,AFR,ROB,*,*,AKG
../Dataset/Snare/Snare219.wav,AFR,ROB,*,*,AKG
../Dataset/Snare/Snare220.wav,AFR,ROB,*,*,AKG
../Dataset/Snare/Snare221.wav,AFR,ROB,*,*,AKG
../Dataset/Kick/Kick349.wav,AFR,ROB,*,*,AKG
../Dataset/HH/HH365.wav,AFR,ROB,*,*,AKG
../Dataset/Kick/Kick350.wav,AFR,ROB,*,*,AKG
../Dataset/Kick/Kick351.wav,AFR,ROB,*,*,AKG
../Dataset/Kick/Kick352.wav,AFR,ROB,*,*,AKG
../Dataset/Kick/Kick353.wav,AFR,ROB,*,*,AKG
../Dataset/HH/HH366.wav,AFR,ROB,*,*,AKG
../Dataset/Kick/Kick354.wav,AFR,ROB,*,*,AKG
../Dataset/Kick/Kick355.wav,AFR,ROB,*,*,AKG
../Dataset/Kick/Kick356.wav,AFR,JOL,*,*,AKG
../Dataset/HH/HH367.wav,AFR,JOL,*,*,AKG
../Dataset/Kick/Kick357.wav,AFR,JOL,*,*,AKG
../Dataset/HH/HH368.wav,AFR,JOL,*,*,AKG
../Dataset/Snare/Snare222.wav,AFR,JOL,*,*,AKG
../Dataset/Kick/Kick358.wav,AFR,JOL,*,*,AKG
../Dataset/HH/HH369.wav,AFR,JOL,*,*,AKG
../Dataset/Kick/Kick359.wav,AFR,JOL,*,*,AKG
../Dataset/HH/HH370.wav,AFR,JOL,*,*,AKG
../Dataset/Snare/Snare223.wav,AFR,JOL,*,*,AKG
../Dataset/Kick/Kick360.wav,AFR,JOL,*,*,AKG
../Dataset/HH/HH371.wav,AFR,JOL,*,*,AKG
../Dataset/Kick/Kick361.wav,AFR,JOL,*,*,AKG
../Dataset/HH/HH372.wav,AFR,JOL,*,*,AKG
../Dataset/Snare/Snare224.wav,AFR,JOL,*,*,AKG
../Dataset/Kick/Kick362.wav,AFR,JOL,*,*,AKG
../Dataset/HH/HH373.wav,AFR,JOL,*,*,AKG
../Dataset/Kick/Kick363.wav,AFR,JOL,*,*,AKG
../Dataset/HH/HH374.wav,AFR,JOL,*,*,AKG
../Dataset/Snare/Snare225.wav,AFR,JOL,*,*,AKG
../Dataset/Kick/Kick364.wav,AFR,JOL,*,*,AKG
../Dataset/Snare/Snare226.wav,AFR,JOL,*,*,AKG
../Dataset/Kick/Kick365.wav,AFR,JOL,*,*,AKG
../Dataset/Snare/Snare227.wav,AFR,JOL,*,*,AKG
../Dataset/Snare/Snare228.wav,AFR,JOL,*,*,AKG
../Dataset/Kick/Kick366.wav,AFR,JOL,*,*,AKG
../Dataset/Snare/Snare229.wav,AFR,JOL,*,*,AKG
../Dataset/Snare/Snare230.wav,AFR,JOL,*,*,AKG
../Dataset/Kick/Kick367.wav,AFR,JOL,*,*,AKG
../Dataset/Snare/Snare231.wav,AFR,JOL,*,*,AKG
../Dataset/Snare/Snare232.wav,AFR,JOL,*,*,AKG
../Dataset/Kick/Kick368.wav,AFR,JOL,*,*,AKG
../Dataset/Kick/Kick369.wav,AFR,JSI,*,*,AKG
../Dataset/HH/HH375.wav,AFR,JSI,*,*,AKG
../Dataset/HH/HH376.wav,AFR,JSI,*,*,AKG
../Dataset/Kick/Kick370.wav,AFR,JSI,*,*,AKG
../Dataset/HH/HH377.wav,AFR,JSI,*,*,AKG
../Dataset/Snare/Snare233.wav,AFR,JSI,*,*,AKG
../Dataset/HH/HH378.wav,AFR,JSI,*,*,AKG
../Dataset/HH/HH379.wav,AFR,JSI,*,*,AKG
../Dataset/HH/HH380.wav,AFR,JSI,*,*,AKG
../Dataset/Kick/Kick371.wav,AFR,JSI,*,*,AKG
../Dataset/Kick/Kick372.wav,AFR,JSI,*,*,AKG
../Dataset/HH/HH381.wav,AFR,JSI,*,*,AKG
../Dataset/Kick/Kick373.wav,AFR,JSI,*,*,AKG
../Dataset/Kick/Kick374.wav,AFR,JSI,*,*,AKG
../Dataset/HH/HH382.wav,AFR,JSI,*,*,AKG
../Dataset/Snare/Snare234.wav,AFR,JSI,*,*,AKG
../Dataset/HH/HH383.wav,AFR,JSI,*,*,AKG
../Dataset/HH/HH384.wav,AFR,JSI,*,*,AKG
../Dataset/HH/HH385.wav,AFR,JSI,*,*,AKG
../Dataset/HH/HH386.wav,AFR,JSI,*,*,AKG
../Dataset/Kick/Kick375.wav,AFR,JSI,*,*,AKG
../Dataset/Kick/Kick376.wav,AFR,JSI,*,*,AKG
../Dataset/HH/HH387.wav,AFR,JSI,*,*,AKG
../Dataset/HH/HH388.wav,AFR,JSI,*,*,AKG
../Dataset/Kick/Kick377.wav,AFR,JSI,*,*,AKG
../Dataset/HH/HH389.wav,AFR,JSI,*,*,AKG
../Dataset/Snare/Snare235.wav,AFR,JSI,*,*,AKG
../Dataset/HH/HH390.wav,AFR,JSI,*,*,AKG
../Dataset/Kick/Kick378.wav,AFR,JSI,*,*,AKG
../Dataset/HH/HH391.wav,AFR,JSI,*,*,AKG
../Dataset/Kick/Kick379.wav,AFR,JSI,*,*,AKG
../Dataset/HH/HH392.wav,AFR,JSI,*,*,AKG
../Dataset/HH/HH393.wav,AFR,JSI,*,*,AKG
../Dataset/Kick/Kick380.wav,AFR,JSI,*,*,AKG
../Dataset/Kick/Kick381.wav,AFR,JSI,*,*,AKG
../Dataset/Snare/Snare236.wav,AFR,JSI,*,*,AKG
../Dataset/HH/HH394.wav,AFR,JSI,*,*,AKG
../Dataset/HH/HH395.wav,AFR,JSI,*,*,AKG
../Dataset/Kick/Kick382.wav,AFR,JSI,*,*,AKG
../Dataset/HH/HH396.wav,AFR,JSI,*,*,AKG
../Dataset/Kick/Kick383.wav,AFR,JSI,*,*,AKG
../Dataset/HH/HH397.wav,AFR,JSI,*,*,AKG
../Dataset/Kick/Kick384.wav,AFR,JSI,*,*,AKG
../Dataset/HH/HH398.wav,AFR,JSI,*,*,AKG
../Dataset/Snare/Snare237.wav,AFR,JSI,*,*,AKG
../Dataset/Kick/Kick385.wav,AFR,JSI,*,*,AKG
../Dataset/HH/HH399.wav,AFR,JSI,*,*,AKG
../Dataset/Kick/Kick386.wav,AFR,JSI,*,*,AKG
../Dataset/HH/HH400.wav,AFR,JSI,*,*,AKG
../Dataset/Snare/Snare238.wav,AFR,JSI,*,*,AKG
../Dataset/Kick/Kick387.wav,AFR,JSI,*,*,AKG
../Dataset/HH/HH401.wav,AFR,JSI,*,*,AKG
../Dataset/Kick/Kick388.wav,AFR,JSI,*,*,AKG
../Dataset/HH/HH402.wav,AFR,JSI,*,*,AKG
../Dataset/Snare/Snare239.wav,AFR,JSI,*,*,AKG
../Dataset/Kick/Kick389.wav,AFR,JSI,*,*,AKG
../Dataset/HH/HH403.wav,AFR,JSI,*,*,AKG
../Dataset/Kick/Kick390.wav,AFR,JSI,*,*,AKG
../Dataset/HH/HH404.wav,AFR,JSI,*,*,AKG
../Dataset/Snare/Snare240.wav,AFR,JSI,*,*,AKG
../Dataset/Snare/Snare241.wav,VM,OBM,22,Male,
../Dataset/Snare/Snare242.wav,VM,OBM,22,Male,
../Dataset/Snare/Snare243.wav,VM,OBM,22,Male,
../Dataset/Snare/Snare244.wav,VM,OBM,22,Male,
../Dataset/Snare/Snare245.wav,VM,OBM,22,Male,
../Dataset/Kick/Kick391.wav,VM,OBM,22,Male,
../Dataset/HH/HH405.wav,VM,OBM,22,Male,
../Dataset/Snare/Snare246.wav,VM,OBM,22,Male,
../Dataset/HH/HH406.wav,VM,OBM,22,Male,
../Dataset/Kick/Kick392.wav,VM,OBM,22,Male,
../Dataset/HH/HH407.wav,VM,OBM,22,Male,
../Dataset/Snare/Snare247.wav,VM,OBM,22,Male,
../Dataset/HH/HH408.wav,VM,OBM,22,Male,
../Dataset/Kick/Kick393.wav,VM,OBM,22,Male,
../Dataset/HH/HH409.wav,VM,OBM,22,Male,
../Dataset/Snare/Snare248.wav,VM,OBM,22,Male,
../Dataset/HH/HH410.wav,VM,OBM,22,Male,
../Dataset/Kick/Kick394.wav,VM,OBM,22,Male,
../Dataset/HH/HH411.wav,VM,OBM,22,Male,
../Dataset/Snare/Snare249.wav,VM,OBM,22,Male,
../Dataset/HH/HH412.wav,VM,OBM,22,Male,
../Dataset/Kick/Kick395.wav,VM,OBM,22,Male,
../Dataset/Kick/Kick396.wav,VM,OBM,22,Male,
../Dataset/Kick/Kick397.wav,VM,OBM,22,Male,
../Dataset/Kick/Kick398.wav,VM,OBM,22,Male,
../Dataset/Kick/Kick399.wav,VM,OBM,22,Male,
../Dataset/HH/HH413.wav,VM,OBM,22,Male,
../Dataset/HH/HH414.wav,VM,OBM,22,Male,
../Dataset/HH/HH415.wav,VM,OBM,22,Male,
../Dataset/HH/HH416.wav,VM,OBM,22,Male,
../Dataset/HH/HH417.wav,VM,OBM,22,Male,
../Dataset/HH/HH418.wav,VM,OBM,22,Male,
../Dataset/HH/HH419.wav,VM,OBM,22,Male,
../Dataset/Kick/Kick400.wav,AFR,SOF,*,*,AKG
../Dataset/HH/HH420.wav,AFR,SOF,*,*,AKG
../Dataset/Kick/Kick401.wav,AFR,SOF,*,*,AKG
../Dataset/HH/HH421.wav,AFR,SOF,*,*,AKG
../Dataset/Snare/Snare250.wav,AFR,SOF,*,*,AKG
../Dataset/Kick/Kick402.wav,AFR,SOF,*,*,AKG
../Dataset/HH/HH422.wav,AFR,SOF,*,*,AKG
../Dataset/Kick/Kick403.wav,AFR,SOF,*,*,AKG
../Dataset/HH/HH423.wav,AFR,SOF,*,*,AKG
../Dataset/Snare/Snare251.wav,AFR,SOF,*,*,AKG
../Dataset/Kick/Kick404.wav,AFR,SOF,*,*,AKG
../Dataset/HH/HH424.wav,AFR,SOF,*,*,AKG
../Dataset/Kick/Kick405.wav,AFR,SOF,*,*,AKG
../Dataset/HH/HH425.wav,AFR,SOF,*,*,AKG
../Dataset/Snare/Snare252.wav,AFR,SOF,*,*,AKG
../Dataset/Kick/Kick406.wav,AFR,SOF,*,*,AKG
../Dataset/HH/HH426.wav,AFR,SOF,*,*,AKG
../Dataset/Kick/Kick407.wav,AFR,SOF,*,*,AKG
../Dataset/HH/HH427.wav,AFR,SOF,*,*,AKG
../Dataset/Snare/Snare253.wav,AFR,SOF,*,*,AKG
../Dataset/Kick/Kick408.wav,AFR,SOF,*,*,AKG
../Dataset/HH/HH428.wav,AFR,SOF,*,*,AKG
../Dataset/HH/HH429.wav,AFR,SOF,*,*,AKG
../Dataset/HH/HH430.wav,AFR,SOF,*,*,AKG
../Dataset/Kick/Kick409.wav,AFR,SOF,*,*,AKG
../Dataset/HH/HH431.wav,AFR,SOF,*,*,AKG
../Dataset/HH/HH432.wav,AFR,SOF,*,*,AKG
../Dataset/Kick/Kick410.wav,AFR,SOF,*,*,AKG
../Dataset/HH/HH433.wav,AFR,SOF,*,*,AKG
../Dataset/Kick/Kick411.wav,AFR,SOF,*,*,AKG
../Dataset/HH/HH434.wav,AFR,SOF,*,*,AKG
../Dataset/HH/HH435.wav,AFR,SOF,*,*,AKG
../Dataset/HH/HH436.wav,AFR,SOF,*,*,AKG
../Dataset/Kick/Kick412.wav,AFR,SOF,*,*,AKG
../Dataset/HH/HH437.wav,AFR,SOF,*,*,AKG
../Dataset/HH/HH438.wav,AFR,SOF,*,*,AKG
../Dataset/Kick/Kick413.wav,AFR,SOF,*,*,AKG
../Dataset/HH/HH439.wav,AFR,SOF,*,*,AKG
../Dataset/HH/HH440.wav,VM,SPS,35,Male,laptop
../Dataset/HH/HH441.wav,VM,SPS,35,Male,laptop
../Dataset/HH/HH442.wav,VM,SPS,35,Male,laptop
../Dataset/HH/HH443.wav,VM,SPS,35,Male,laptop
../Dataset/HH/HH444.wav,VM,SPS,35,Male,laptop
../Dataset/HH/HH445.wav,VM,SPS,35,Male,laptop
../Dataset/Snare/Snare254.wav,VM,SPS,35,Male,laptop
../Dataset/Snare/Snare255.wav,VM,SPS,35,Male,laptop
../Dataset/Snare/Snare256.wav,VM,SPS,35,Male,laptop
../Dataset/Snare/Snare257.wav,VM,SPS,35,Male,laptop
../Dataset/Snare/Snare258.wav,VM,SPS,35,Male,laptop
../Dataset/Snare/Snare259.wav,VM,SPS,35,Male,laptop
../Dataset/Snare/Snare260.wav,VM,SPS,35,Male,laptop
../Dataset/Kick/Kick414.wav,VM,SPS,35,Male,laptop
../Dataset/HH/HH446.wav,VM,SPS,35,Male,laptop
../Dataset/HH/HH447.wav,VM,SPS,35,Male,laptop
../Dataset/Snare/Snare261.wav,VM,SPS,35,Male,laptop
../Dataset/HH/HH448.wav,VM,SPS,35,Male,laptop
../Dataset/Kick/Kick415.wav,VM,SPS,35,Male,laptop
../Dataset/Kick/Kick416.wav,VM,SPS,35,Male,laptop
../Dataset/Kick/Kick417.wav,VM,SPS,35,Male,laptop
../Dataset/Snare/Snare262.wav,VM,SPS,35,Male,laptop
../Dataset/HH/HH449.wav,VM,SPS,35,Male,laptop
../Dataset/Kick/Kick418.wav,VM,SPS,35,Male,laptop
../Dataset/HH/HH450.wav,VM,SPS,35,Male,laptop
../Dataset/HH/HH451.wav,VM,SPS,35,Male,laptop
../Dataset/Snare/Snare263.wav,VM,SPS,35,Male,laptop
../Dataset/HH/HH452.wav,VM,SPS,35,Male,laptop
../Dataset/Kick/Kick419.wav,VM,SPS,35,Male,laptop
../Dataset/Snare/Snare264.wav,VM,SPS,35,Male,laptop
../Dataset/Kick/Kick420.wav,VM,SPS,35,Male,laptop
../Dataset/HH/HH453.wav,VM,SPS,35,Male,laptop
../Dataset/HH/HH454.wav,VM,SPS,35,Male,laptop
../Dataset/Kick/Kick421.wav,VM,SPS,35,Male,laptop
../Dataset/HH/HH455.wav,VM,SPS,35,Male,laptop
../Dataset/HH/HH456.wav,VM,SPS,35,Male,laptop
../Dataset/Snare/Snare265.wav,VM,SPS,35,Male,laptop
../Dataset/HH/HH457.wav,VM,SPS,35,Male,laptop
../Dataset/Kick/Kick422.wav,VM,SPS,35,Male,laptop
../Dataset/Snare/Snare266.wav,VM,SPS,35,Male,laptop
../Dataset/Kick/Kick423.wav,VM,SPS,35,Male,laptop
../Dataset/HH/HH458.wav,VM,SPS,35,Male,laptop
../Dataset/Kick/Kick424.wav,VM,SPS,35,Male,laptop
../Dataset/Kick/Kick425.wav,VM,SPS,35,Male,laptop
../Dataset/HH/HH459.wav,VM,SPS,35,Male,laptop
../Dataset/HH/HH460.wav,VM,SPS,35,Male,laptop
../Dataset/Snare/Snare267.wav,VM,SPS,35,Male,laptop
../Dataset/HH/HH461.wav,VM,SPS,35,Male,laptop
../Dataset/Kick/Kick426.wav,VM,SPS,35,Male,laptop
../Dataset/Kick/Kick427.wav,VM,SPS,35,Male,laptop
../Dataset/Kick/Kick428.wav,VM,SPS,35,Male,laptop
../Dataset/HH/HH462.wav,VM,SPS,35,Male,laptop
../Dataset/Kick/Kick429.wav,VM,SPS,35,Male,laptop
../Dataset/Kick/Kick430.wav,VM,SPS,35,Male,laptop
../Dataset/Kick/Kick431.wav,VM,SPS,35,Male,laptop
../Dataset/Kick/Kick432.wav,VM,SPS,35,Male,laptop
../Dataset/Kick/Kick433.wav,VM,SPS,35,Male,laptop
../Dataset/Kick/Kick434.wav,VM,SPS,35,Male,laptop
../Dataset/Kick/Kick435.wav,VM,SPS,35,Male,laptop
../Dataset/Kick/Kick436.wav,VM,SPS,35,Male,laptop
../Dataset/Kick/Kick437.wav,VM,SPS,35,Male,laptop
../Dataset/Kick/Kick438.wav,VM,SPS,35,Male,laptop
../Dataset/Kick/Kick439.wav,AFR,NOR,*,*,AKG
../Dataset/HH/HH463.wav,AFR,NOR,*,*,AKG
../Dataset/Kick/Kick440.wav,AFR,NOR,*,*,AKG
../Dataset/HH/HH464.wav,AFR,NOR,*,*,AKG
../Dataset/Snare/Snare268.wav,AFR,NOR,*,*,AKG
../Dataset/Kick/Kick441.wav,AFR,NOR,*,*,AKG
../Dataset/HH/HH465.wav,AFR,NOR,*,*,AKG
../Dataset/Kick/Kick442.wav,AFR,NOR,*,*,AKG
../Dataset/HH/HH466.wav,AFR,NOR,*,*,AKG
../Dataset/Snare/Snare269.wav,AFR,NOR,*,*,AKG
../Dataset/Kick/Kick443.wav,AFR,NOR,*,*,AKG
../Dataset/HH/HH467.wav,AFR,NOR,*,*,AKG
../Dataset/Kick/Kick444.wav,AFR,NOR,*,*,AKG
../Dataset/HH/HH468.wav,AFR,NOR,*,*,AKG
../Dataset/Snare/Snare270.wav,AFR,NOR,*,*,AKG
../Dataset/Kick/Kick445.wav,AFR,NOR,*,*,AKG
../Dataset/HH/HH469.wav,AFR,NOR,*,*,AKG
../Dataset/Kick/Kick446.wav,AFR,NOR,*,*,AKG
../Dataset/HH/HH470.wav,AFR,NOR,*,*,AKG
../Dataset/Snare/Snare271.wav,AFR,NOR,*,*,AKG
../Dataset/Kick/Kick447.wav,AFR,NOR,*,*,AKG
../Dataset/HH/HH471.wav,AFR,NOR,*,*,AKG
../Dataset/Kick/Kick448.wav,AFR,NOR,*,*,AKG
../Dataset/Kick/Kick449.wav,AFR,NOR,*,*,AKG
../Dataset/Snare/Snare272.wav,AFR,NOR,*,*,AKG
../Dataset/Kick/Kick450.wav,AFR,NOR,*,*,AKG
../Dataset/HH/HH472.wav,AFR,NOR,*,*,AKG
../Dataset/HH/HH473.wav,AFR,NOR,*,*,AKG
../Dataset/Kick/Kick451.wav,AFR,NOR,*,*,AKG
../Dataset/Kick/Kick452.wav,AFR,NOR,*,*,AKG
../Dataset/Snare/Snare273.wav,AFR,NOR,*,*,AKG
../Dataset/Kick/Kick453.wav,AFR,NOR,*,*,AKG
../Dataset/HH/HH474.wav,AFR,NOR,*,*,AKG
../Dataset/HH/HH475.wav,AFR,NOR,*,*,AKG
../Dataset/Kick/Kick454.wav,AFR,NOR,*,*,AKG
../Dataset/Kick/Kick455.wav,AFR,NOR,*,*,AKG
../Dataset/Snare/Snare274.wav,AFR,NOR,*,*,AKG
../Dataset/Kick/Kick456.wav,AFR,NOR,*,*,AKG
../Dataset/HH/HH476.wav,AFR,NOR,*,*,AKG
../Dataset/HH/HH477.wav,AFR,NOR,*,*,AKG
../Dataset/Kick/Kick457.wav,AFR,NOR,*,*,AKG
../Dataset/Kick/Kick458.wav,AFR,NOR,*,*,AKG
../Dataset/Snare/Snare275.wav,AFR,NOR,*,*,AKG
../Dataset/Kick/Kick459.wav,VM,JMP,36,Male,elgato
../Dataset/Kick/Kick460.wav,VM,JMP,36,Male,elgato
../Dataset/Kick/Kick461.wav,VM,JMP,36,Male,elgato
../Dataset/Snare/Snare276.wav,VM,JMP,36,Male,elgato
../Dataset/HH/HH478.wav,VM,JMP,36,Male,elgato
../Dataset/Kick/Kick462.wav,VM,JMP,36,Male,elgato
../Dataset/Kick/Kick463.wav,VM,JMP,36,Male,elgato
../Dataset/Kick/Kick464.wav,VM,JMP,36,Male,elgato
../Dataset/Snare/Snare277.wav,VM,JMP,36,Male,elgato
../Dataset/HH/HH479.wav,VM,JMP,36,Male,elgato
../Dataset/Kick/Kick465.wav,VM,JMP,36,Male,elgato
../Dataset/Kick/Kick466.wav,VM,JMP,36,Male,elgato
../Dataset/Snare/Snare278.wav,VM,JMP,36,Male,elgato
../Dataset/HH/HH480.wav,VM,JMP,36,Male,elgato
../Dataset/Kick/Kick467.wav,VM,JMP,36,Male,elgato
../Dataset/Kick/Kick468.wav,VM,JMP,36,Male,elgato
../Dataset/Kick/Kick469.wav,VM,JMP,36,Male,elgato
../Dataset/Snare/Snare279.wav,VM,JMP,36,Male,elgato
../Dataset/HH/HH481.wav,VM,JMP,36,Male,elgato
../Dataset/Kick/Kick470.wav,VM,JMP,36,Male,elgato
../Dataset/Kick/Kick471.wav,VM,JMP,36,Male,elgato
../Dataset/Snare/Snare280.wav,VM,JMP,36,Male,elgato
../Dataset/Snare/Snare281.wav,VM,JMP,36,Male,elgato
../Dataset/Kick/Kick472.wav,VM,JMP,36,Male,elgato
../Dataset/Kick/Kick473.wav,VM,JMP,36,Male,elgato
../Dataset/Kick/Kick474.wav,VM,JMP,36,Male,elgato
../Dataset/Snare/Snare282.wav,VM,JMP,36,Male,elgato
../Dataset/Snare/Snare283.wav,VM,JMP,36,Male,elgato
../Dataset/Kick/Kick475.wav,VM,JMP,36,Male,elgato
../Dataset/Kick/Kick476.wav,VM,JMP,36,Male,elgato
../Dataset/Kick/Kick477.wav,VM,JMP,36,Male,elgato
../Dataset/Kick/Kick478.wav,VM,JMP,36,Male,elgato
../Dataset/Kick/Kick479.wav,VM,JMP,36,Male,elgato
../Dataset/Snare/Snare284.wav,VM,JMP,36,Male,elgato
../Dataset/HH/HH482.wav,VM,JMP,36,Male,elgato
../Dataset/Kick/Kick480.wav,AFR,MCO,*,*,AKG
../Dataset/Snare/Snare285.wav,AFR,MCO,*,*,AKG
../Dataset/Kick/Kick481.wav,AFR,MCO,*,*,AKG
../Dataset/HH/HH483.wav,AFR,MCO,*,*,AKG
../Dataset/Kick/Kick482.wav,AFR,MCO,*,*,AKG
../Dataset/HH/HH484.wav,AFR,MCO,*,*,AKG
../Dataset/Kick/Kick483.wav,AFR,MCO,*,*,AKG
../Dataset/HH/HH485.wav,AFR,MCO,*,*,AKG
../Dataset/Kick/Kick484.wav,AFR,MCO,*,*,AKG
../Dataset/HH/HH486.wav,AFR,MCO,*,*,AKG
../Dataset/Kick/Kick485.wav,AFR,MCO,*,*,AKG
../Dataset/HH/HH487.wav,AFR,MCO,*,*,AKG
../Dataset/Snare/Snare286.wav,AFR,MCO,*,*,AKG
../Dataset/Kick/Kick486.wav,AFR,MCO,*,*,AKG
../Dataset/HH/HH488.wav,AFR,MCO,*,*,AKG
../Dataset/Kick/Kick487.wav,AFR,MCO,*,*,AKG
../Dataset/HH/HH489.wav,AFR,MCO,*,*,AKG
../Dataset/Snare/Snare287.wav,AFR,MCO,*,*,AKG
../Dataset/Kick/Kick488.wav,AFR,MCO,*,*,AKG
../Dataset/HH/HH490.wav,AFR,MCO,*,*,AKG
../Dataset/Kick/Kick489.wav,AFR,MCO,*,*,AKG
../Dataset/HH/HH491.wav,AFR,MCO,*,*,AKG
../Dataset/Kick/Kick490.wav,AFR,MCO,*,*,AKG
../Dataset/HH/HH492.wav,AFR,MCO,*,*,AKG
../Dataset/Snare/Snare288.wav,AFR,MCO,*,*,AKG
../Dataset/Kick/Kick491.wav,AFR,MCO,*,*,AKG
../Dataset/HH/HH493.wav,AFR,MCO,*,*,AKG
../Dataset/Kick/Kick492.wav,AFR,MCO,*,*,AKG
../Dataset/HH/HH494.wav,AFR,MCO,*,*,AKG
../Dataset/Snare/Snare289.wav,AFR,MCO,*,*,AKG
../Dataset/Kick/Kick493.wav,AFR,MCO,*,*,AKG
../Dataset/HH/HH495.wav,AFR,MCO,*,*,AKG
../Dataset/Kick/Kick494.wav,AFR,MCO,*,*,AKG
../Dataset/HH/HH496.wav,AFR,MCO,*,*,AKG
../Dataset/Snare/Snare290.wav,AFR,MCO,*,*,AKG
../Dataset/Kick/Kick495.wav,AFR,MCO,*,*,AKG
../Dataset/HH/HH497.wav,AFR,MCO,*,*,AKG
../Dataset/Kick/Kick496.wav,AFR,MCO,*,*,AKG
../Dataset/HH/HH498.wav,AFR,MCO,*,*,AKG
../Dataset/Snare/Snare291.wav,AFR,MCO,*,*,AKG
../Dataset/HH/HH499.wav,VM,MFU,26,Male,
../Dataset/HH/HH500.wav,VM,MFU,26,Male,
../Dataset/HH/HH501.wav,VM,MFU,26,Male,
../Dataset/HH/HH502.wav,VM,MFU,26,Male,
../Dataset/HH/HH503.wav,VM,MFU,26,Male,
../Dataset/HH/HH504.wav,VM,MFU,26,Male,
../Dataset/Kick/Kick497.wav,VM,MFU,26,Male,
../Dataset/HH/HH505.wav,VM,MFU,26,Male,
../Dataset/HH/HH506.wav,VM,MFU,26,Male,
../Dataset/Snare/Snare292.wav,VM,MFU,26,Male,
../Dataset/HH/HH507.wav,VM,MFU,26,Male,
../Dataset/Kick/Kick498.wav,VM,MFU,26,Male,
../Dataset/Kick/Kick499.wav,VM,MFU,26,Male,
../Dataset/Snare/Snare293.wav,VM,MFU,26,Male,
../Dataset/HH/HH508.wav,VM,MFU,26,Male,
../Dataset/Kick/Kick500.wav,VM,MFU,26,Male,
../Dataset/HH/HH509.wav,VM,MFU,26,Male,
../Dataset/Kick/Kick501.wav,VM,MFU,26,Male,
../Dataset/Kick/Kick502.wav,VM,MFU,26,Male,
../Dataset/HH/HH510.wav,VM,MFU,26,Male,
../Dataset/Kick/Kick503.wav,VM,MFU,26,Male,
../Dataset/Kick/Kick504.wav,VM,MFU,26,Male,
../Dataset/HH/HH511.wav,VM,MFU,26,Male,
../Dataset/Kick/Kick505.wav,VM,MFU,26,Male,
../Dataset/HH/HH512.wav,VM,MFU,26,Male,
../Dataset/Kick/Kick506.wav,VM,MFU,26,Male,
../Dataset/Kick/Kick507.wav,VM,MFU,26,Male,
../Dataset/HH/HH513.wav,VM,MFU,26,Male,
../Dataset/Kick/Kick508.wav,VM,MFU,26,Male,
../Dataset/Kick/Kick509.wav,VM,MFU,26,Male,
../Dataset/HH/HH514.wav,VM,MFU,26,Male,
../Dataset/HH/HH515.wav,VM,MFU,26,Male,
../Dataset/Kick/Kick510.wav,VM,MFU,26,Male,
../Dataset/HH/HH516.wav,VM,MFU,26,Male,
../Dataset/HH/HH517.wav,VM,MFU,26,Male,
../Dataset/Snare/Snare294.wav,VM,MFU,26,Male,
../Dataset/Kick/Kick511.wav,VM,MFU,26,Male,
../Dataset/HH/HH518.wav,VM,MFU,26,Male,
../Dataset/HH/HH519.wav,VM,MFU,26,Male,
../Dataset/Kick/Kick512.wav,VM,MFU,26,Male,
../Dataset/Snare/Snare295.wav,VM,MFU,26,Male,
../Dataset/Kick/Kick513.wav,VM,MFU,26,Male,
../Dataset/Kick/Kick514.wav,VM,MFU,26,Male,
../Dataset/Kick/Kick515.wav,VM,MFU,26,Male,
../Dataset/Kick/Kick516.wav,VM,MFU,26,Male,
../Dataset/Kick/Kick517.wav,VM,MFU,26,Male,
../Dataset/Kick/Kick518.wav,VM,MFU,26,Male,
../Dataset/Snare/Snare296.wav,VM,MFU,26,Male,
../Dataset/Snare/Snare297.wav,VM,MFU,26,Male,
../Dataset/Snare/Snare298.wav,VM,MFU,26,Male,
../Dataset/Snare/Snare299.wav,VM,MFU,26,Male,
../Dataset/Snare/Snare300.wav,VM,MFU,26,Male,
../Dataset/Kick/Kick519.wav,AFR,BEA,*,*,AKG
../Dataset/Kick/Kick520.wav,AFR,BEA,*,*,AKG
../Dataset/Kick/Kick521.wav,AFR,BEA,*,*,AKG
../Dataset/HH/HH520.wav,AFR,BEA,*,*,AKG
../Dataset/Snare/Snare301.wav,AFR,BEA,*,*,AKG
../Dataset/Kick/Kick522.wav,AFR,BEA,*,*,AKG
../Dataset/HH/HH521.wav,AFR,BEA,*,*,AKG
../Dataset/Snare/Snare302.wav,AFR,BEA,*,*,AKG
../Dataset/Snare/Snare303.wav,AFR,BEA,*,*,AKG
../Dataset/Kick/Kick523.wav,AFR,BEA,*,*,AKG
../Dataset/HH/HH522.wav,AFR,BEA,*,*,AKG
../Dataset/Snare/Snare304.wav,AFR,BEA,*,*,AKG
../Dataset/Snare/Snare305.wav,AFR,BEA,*,*,AKG
../Dataset/Kick/Kick524.wav,AFR,BEA,*,*,AKG
../Dataset/Kick/Kick525.wav,AFR,BEA,*,*,AKG
../Dataset/Kick/Kick526.wav,AFR,BEA,*,*,AKG
../Dataset/Kick/Kick527.wav,AFR,BEA,*,*,AKG
../Dataset/HH/HH523.wav,AFR,BEA,*,*,AKG
../Dataset/Kick/Kick528.wav,AFR,BEA,*,*,AKG
../Dataset/HH/HH524.wav,AFR,BEA,*,*,AKG
../Dataset/Snare/Snare306.wav,AFR,BEA,*,*,AKG
../Dataset/Kick/Kick529.wav,AFR,BEA,*,*,AKG
../Dataset/HH/HH525.wav,AFR,BEA,*,*,AKG
../Dataset/Kick/Kick530.wav,AFR,BEA,*,*,AKG
../Dataset/HH/HH526.wav,AFR,BEA,*,*,AKG
../Dataset/Snare/Snare307.wav,AFR,BEA,*,*,AKG
../Dataset/Kick/Kick531.wav,AFR,BEA,*,*,AKG
../Dataset/HH/HH527.wav,AFR,BEA,*,*,AKG
../Dataset/Kick/Kick532.wav,AFR,BEA,*,*,AKG
../Dataset/HH/HH528.wav,AFR,BEA,*,*,AKG
../Dataset/Snare/Snare308.wav,AFR,BEA,*,*,AKG
../Dataset/Kick/Kick533.wav,AFR,BEA,*,*,AKG
../Dataset/HH/HH529.wav,AFR,BEA,*,*,AKG
../Dataset/Kick/Kick534.wav,AFR,BEA,*,*,AKG
../Dataset/HH/HH530.wav,AFR,BEA,*,*,AKG
../Dataset/Snare/Snare309.wav,AFR,BEA,*,*,AKG
../Dataset/Kick/Kick535.wav,AFR,MAR,*,*,AKG
../Dataset/HH/HH531.wav,AFR,MAR,*,*,AKG
../Dataset/Kick/Kick536.wav,AFR,MAR,*,*,AKG
../Dataset/HH/HH532.wav,AFR,MAR,*,*,AKG
../Dataset/Snare/Snare310.wav,AFR,MAR,*,*,AKG
../Dataset/Kick/Kick537.wav,AFR,MAR,*,*,AKG
../Dataset/HH/HH533.wav,AFR,MAR,*,*,AKG
../Dataset/Kick/Kick538.wav,AFR,MAR,*,*,AKG
../Dataset/HH/HH534.wav,AFR,MAR,*,*,AKG
../Dataset/Snare/Snare311.wav,AFR,MAR,*,*,AKG
../Dataset/Kick/Kick539.wav,AFR,MAR,*,*,AKG
../Dataset/HH/HH535.wav,AFR,MAR,*,*,AKG
../Dataset/Kick/Kick540.wav,AFR,MAR,*,*,AKG
../Dataset/HH/HH536.wav,AFR,MAR,*,*,AKG
../Dataset/Snare/Snare312.wav,AFR,MAR,*,*,AKG
../Dataset/Kick/Kick541.wav,AFR,MAR,*,*,AKG
../Dataset/HH/HH537.wav,AFR,MAR,*,*,AKG
../Dataset/Kick/Kick542.wav,AFR,MAR,*,*,AKG
../Dataset/HH/HH538.wav,AFR,MAR,*,*,AKG
../Dataset/Snare/Snare313.wav,AFR,MAR,*,*,AKG
../Dataset/Kick/Kick543.wav,AFR,MAR,*,*,AKG
../Dataset/Snare/Snare314.wav,AFR,MAR,*,*,AKG
../Dataset/Kick/Kick544.wav,AFR,MAR,*,*,AKG
../Dataset/HH/HH539.wav,AFR,MAR,*,*,AKG
../Dataset/Snare/Snare315.wav,AFR,MAR,*,*,AKG
../Dataset/Snare/Snare316.wav,AFR,MAR,*,*,AKG
../Dataset/Kick/Kick545.wav,AFR,MAR,*,*,AKG
../Dataset/HH/HH540.wav,AFR,MAR,*,*,AKG
../Dataset/Snare/Snare317.wav,AFR,MAR,*,*,AKG
../Dataset/Kick/Kick546.wav,AFR,MAR,*,*,AKG
../Dataset/HH/HH541.wav,AFR,MAR,*,*,AKG
../Dataset/Kick/Kick547.wav,AFR,MAR,*,*,AKG
../Dataset/HH/HH542.wav,AFR,MAR,*,*,AKG
../Dataset/Kick/Kick548.wav,AFR,MAR,*,*,AKG
../Dataset/HH/HH543.wav,AFR,MAR,*,*,AKG
../Dataset/Snare/Snare318.wav,AFR,MAR,*,*,AKG
../Dataset/Snare/Snare319.wav,VM,VGM,31,Male,laptop
../Dataset/Snare/Snare320.wav,VM,VGM,31,Male,laptop
../Dataset/Snare/Snare321.wav,VM,VGM,31,Male,laptop
../Dataset/Snare/Snare322.wav,VM,VGM,31,Male,laptop
../Dataset/Snare/Snare323.wav,VM,VGM,31,Male,laptop
../Dataset/Kick/Kick549.wav,VM,VGM,31,Male,laptop
../Dataset/Kick/Kick550.wav,VM,VGM,31,Male,laptop
../Dataset/HH/HH544.wav,VM,VGM,31,Male,laptop
../Dataset/Kick/Kick551.wav,VM,VGM,31,Male,laptop
../Dataset/Kick/Kick552.wav,VM,VGM,31,Male,laptop
../Dataset/HH/HH545.wav,VM,VGM,31,Male,laptop
../Dataset/Kick/Kick553.wav,VM,VGM,31,Male,laptop
../Dataset/Kick/Kick554.wav,VM,VGM,31,Male,laptop
../Dataset/HH/HH546.wav,VM,VGM,31,Male,laptop
../Dataset/Kick/Kick555.wav,VM,VGM,31,Male,laptop
../Dataset/Kick/Kick556.wav,VM,VGM,31,Male,laptop
../Dataset/Kick/Kick557.wav,VM,VGM,31,Male,laptop
../Dataset/Kick/Kick558.wav,VM,VGM,31,Male,laptop
../Dataset/Kick/Kick559.wav,VM,VGM,31,Male,laptop
../Dataset/HH/HH547.wav,VM,VGM,31,Male,laptop
../Dataset/HH/HH548.wav,VM,VGM,31,Male,laptop
../Dataset/HH/HH549.wav,VM,VGM,31,Male,laptop
../Dataset/HH/HH550.wav,VM,VGM,31,Male,laptop
../Dataset/HH/HH551.wav,VM,VGM,31,Male,laptop
../Dataset/HH/HH552.wav,VM,VGM,31,Male,laptop
../Dataset/Kick/Kick560.wav,AFR,JOS,*,*,AKG
../Dataset/HH/HH553.wav,AFR,JOS,*,*,AKG
../Dataset/Kick/Kick561.wav,AFR,JOS,*,*,AKG
../Dataset/HH/HH554.wav,AFR,JOS,*,*,AKG
../Dataset/Snare/Snare324.wav,AFR,JOS,*,*,AKG
../Dataset/Kick/Kick562.wav,AFR,JOS,*,*,AKG
../Dataset/HH/HH555.wav,AFR,JOS,*,*,AKG
../Dataset/Kick/Kick563.wav,AFR,JOS,*,*,AKG
../Dataset/HH/HH556.wav,AFR,JOS,*,*,AKG
../Dataset/Snare/Snare325.wav,AFR,JOS,*,*,AKG
../Dataset/Kick/Kick564.wav,AFR,JOS,*,*,AKG
../Dataset/HH/HH557.wav,AFR,JOS,*,*,AKG
../Dataset/Kick/Kick565.wav,AFR,JOS,*,*,AKG
../Dataset/HH/HH558.wav,AFR,JOS,*,*,AKG
../Dataset/Snare/Snare326.wav,AFR,JOS,*,*,AKG
../Dataset/Kick/Kick566.wav,AFR,JOS,*,*,AKG
../Dataset/HH/HH559.wav,AFR,JOS,*,*,AKG
../Dataset/Kick/Kick567.wav,AFR,JOS,*,*,AKG
../Dataset/HH/HH560.wav,AFR,JOS,*,*,AKG
../Dataset/Snare/Snare327.wav,AFR,JOS,*,*,AKG
../Dataset/Kick/Kick568.wav,VM,ND,31,Female,laptop
../Dataset/HH/HH561.wav,VM,ND,31,Female,laptop
../Dataset/Kick/Kick569.wav,VM,ND,31,Female,laptop
../Dataset/HH/HH562.wav,VM,ND,31,Female,laptop
../Dataset/Snare/Snare328.wav,VM,ND,31,Female,laptop
../Dataset/Kick/Kick570.wav,VM,ND,31,Female,laptop
../Dataset/HH/HH563.wav,VM,ND,31,Female,laptop
../Dataset/Kick/Kick571.wav,VM,ND,31,Female,laptop
../Dataset/HH/HH564.wav,VM,ND,31,Female,laptop
../Dataset/Snare/Snare329.wav,VM,ND,31,Female,laptop
../Dataset/Kick/Kick572.wav,VM,ND,31,Female,laptop
../Dataset/HH/HH565.wav,VM,ND,31,Female,laptop
../Dataset/Kick/Kick573.wav,VM,ND,31,Female,laptop
../Dataset/HH/HH566.wav,VM,ND,31,Female,laptop
../Dataset/Snare/Snare330.wav,VM,ND,31,Female,laptop
../Dataset/Kick/Kick574.wav,VM,ND,31,Female,laptop
../Dataset/HH/HH567.wav,VM,ND,31,Female,laptop
../Dataset/Kick/Kick575.wav,VM,ND,31,Female,laptop
../Dataset/HH/HH568.wav,VM,ND,31,Female,laptop
../Dataset/Snare/Snare331.wav,VM,ND,31,Female,laptop
../Dataset/Kick/Kick576.wav,VM,ND,31,Female,laptop
../Dataset/Kick/Kick577.wav,VM,ND,31,Female,laptop
../Dataset/Kick/Kick578.wav,VM,ND,31,Female,laptop
../Dataset/Kick/Kick579.wav,VM,ND,31,Female,laptop
../Dataset/Kick/Kick580.wav,VM,ND,31,Female,laptop
../Dataset/HH/HH569.wav,VM,ND,31,Female,laptop
../Dataset/HH/HH570.wav,VM,ND,31,Female,laptop
../Dataset/HH/HH571.wav,VM,ND,31,Female,laptop
../Dataset/HH/HH572.wav,VM,ND,31,Female,laptop
../Dataset/HH/HH573.wav,VM,ND,31,Female,laptop
../Dataset/Snare/Snare332.wav,VM,ND,31,Female,laptop
../Dataset/Snare/Snare333.wav,VM,ND,31,Female,laptop
../Dataset/Snare/Snare334.wav,VM,ND,31,Female,laptop
../Dataset/Snare/Snare335.wav,VM,ND,31,Female,laptop
../Dataset/Snare/Snare336.wav,VM,ND,31,Female,laptop
